ORDER ID,ORDER DAY,ORDER MONTH,ORDER YEAR,DATE,CUSTOMER NAME,STATE,PRODUCT CATEGORY,TOTAL COST,ORDER QUANTITY,UNIT SALES PRICE,REVENUE,PROFIT,COMMENT
1,10,May,2025,10-May-25,Garcia,Virginia,Accessories,"£5,300",4,"£1,640","£6,560","£1,260",PROFIT
2,31,December,2025,31-Dec-25,Johnson,Indiana,Food,"£14,500",7,"£1,990","£13,930",-£570,LOSS
3,10,November,2025,10-Nov-25,Smith,Indiana,Clothing,"£16,600",1,"£2,770","£2,770","-£13,830",LOSS
4,2,May,2023,02-May-23,Jones,California,Food,"£11,300",9,"£3,300","£29,700","£18,400",PROFIT
5,11,April,2024,11-Apr-24,Smith,Texas,Accessories,"£9,000",4,"£1,160","£4,640","-£4,360",LOSS
6,27,November,2023,27-Nov-23,Garcia,Indiana,Accessories,"£5,700",3,"£2,410","£7,230","£1,530",PROFIT
7,29,March,2023,29-Mar-23,Johnson,Texas,Accessories,"£12,700",1,£510,£510,"-£12,190",LOSS
8,21,May,2025,21-May-25,Brown,Virginia,Clothing,"£9,100",10,"£1,990","£19,900","£10,800",PROFIT
9,11,May,2023,11-May-23,Miller,Indiana,Snacks,"£18,300",4,"£3,800","£15,200","-£3,100",LOSS
10,8,February,2025,08-Feb-25,Jones,California,Food,"£13,500",9,"£1,480","£13,320",-£180,LOSS
11,10,December,2023,10-Dec-23,Johnson,Virginia,Food,"£4,600",13,"£1,120","£14,560","£9,960",PROFIT
12,16,March,2025,16-Mar-25,Garcia,California,Snacks,"£10,200",14,"£1,800","£25,200","£15,000",PROFIT
13,21,January,2024,21-Jan-24,Jones,Virginia,Food,"£16,400",10,"£3,600","£36,000","£19,600",PROFIT
14,13,August,2025,13-Aug-25,Williams,Indiana,Clothing,"£11,300",6,"£2,820","£16,920","£5,620",PROFIT
15,4,October,2023,04-Oct-23,Smith,California,Food,"£5,500",6,"£4,900","£29,400","£23,900",PROFIT
16,4,April,2024,04-Apr-24,Miller,California,Accessories,"£8,900",1,"£4,250","£4,250","-£4,650",LOSS
17,22,January,2023,22-Jan-23,Garcia,Virginia,Snacks,"£17,800",10,"£2,300","£23,000","£5,200",PROFIT
18,10,September,2023,10-Sep-23,Williams,California,Clothing,"£13,100",2,"£2,220","£4,440","-£8,660",LOSS
19,17,January,2025,17-Jan-25,Davis,Virginia,Snacks,"£2,500",11,"£3,500","£38,500","£36,000",PROFIT
20,6,May,2025,06-May-25,Johnson,Virginia,Clothing,"£4,800",6,"£4,330","£25,980","£21,180",PROFIT
21,19,April,2024,19-Apr-24,Brown,Virginia,Accessories,"£14,300",2,"£4,160","£8,320","-£5,980",LOSS
22,18,December,2025,18-Dec-25,Jones,Virginia,Snacks,"£10,700",3,£650,"£1,950","-£8,750",LOSS
23,25,May,2024,25-May-24,Smith,Indiana,Food,"£7,200",4,"£3,990","£15,960","£8,760",PROFIT
24,30,November,2024,30-Nov-24,Jones,Virginia,Clothing,"£13,300",11,"£3,510","£38,610","£25,310",PROFIT
25,2,September,2025,02-Sep-25,Miller,Texas,Snacks,"£9,600",5,"£4,430","£22,150","£12,550",PROFIT
26,9,July,2023,09-Jul-23,Johnson,California,Food,"£19,500",9,"£1,110","£9,990","-£9,510",LOSS
27,15,August,2025,15-Aug-25,Jones,Texas,Snacks,"£2,800",12,"£4,300","£51,600","£48,800",PROFIT
28,17,November,2024,17-Nov-24,Smith,Indiana,Snacks,"£12,900",4,"£2,010","£8,040","-£4,860",LOSS
29,15,August,2025,15-Aug-25,Johnson,Texas,Snacks,"£14,500",13,"£3,190","£41,470","£26,970",PROFIT
30,16,July,2024,16-Jul-24,Jones,California,Clothing,"£11,500",11,"£2,090","£22,990","£11,490",PROFIT
31,11,April,2025,11-Apr-25,Brown,Texas,Food,"£10,200",9,"£2,420","£21,780","£11,580",PROFIT
32,8,October,2024,08-Oct-24,Garcia,Indiana,Accessories,"£14,300",11,"£4,420","£48,620","£34,320",PROFIT
33,21,January,2023,21-Jan-23,Johnson,Virginia,Clothing,"£18,300",10,"£2,360","£23,600","£5,300",PROFIT
34,20,April,2025,20-Apr-25,Garcia,Texas,Clothing,"£2,100",3,"£3,800","£11,400","£9,300",PROFIT
35,16,June,2023,16-Jun-23,Davis,Indiana,Clothing,"£10,300",8,"£1,480","£11,840","£1,540",PROFIT
36,23,January,2024,23-Jan-24,Johnson,Indiana,Accessories,"£8,600",12,"£3,530","£42,360","£33,760",PROFIT
37,23,August,2024,23-Aug-24,Brown,California,Food,"£10,800",1,"£3,140","£3,140","-£7,660",LOSS
38,12,November,2023,12-Nov-23,Garcia,California,Food,"£15,600",11,"£1,580","£17,380","£1,780",PROFIT
39,14,January,2023,14-Jan-23,Williams,Texas,Food,"£2,300",9,"£1,240","£11,160","£8,860",PROFIT
40,30,August,2023,30-Aug-23,Smith,Virginia,Snacks,"£16,900",9,"£4,590","£41,310","£24,410",PROFIT
41,15,February,2025,15-Feb-25,Williams,Indiana,Snacks,"£8,900",10,£720,"£7,200","-£1,700",LOSS
42,18,July,2024,18-Jul-24,Jones,Texas,Snacks,"£1,200",2,"£1,130","£2,260","£1,060",PROFIT
43,16,June,2025,16-Jun-25,Brown,Indiana,Accessories,"£3,200",4,"£3,480","£13,920","£10,720",PROFIT
44,2,April,2023,02-Apr-23,Williams,Indiana,Snacks,£900,13,"£3,680","£47,840","£46,940",PROFIT
45,13,August,2025,13-Aug-25,Johnson,Virginia,Accessories,"£14,900",8,"£1,650","£13,200","-£1,700",LOSS
46,23,May,2024,23-May-24,Jones,Virginia,Food,"£10,500",7,"£2,820","£19,740","£9,240",PROFIT
47,14,February,2025,14-Feb-25,Jones,Texas,Snacks,"£16,800",1,£150,£150,"-£16,650",LOSS
48,4,February,2023,04-Feb-23,Williams,Virginia,Snacks,"£12,200",5,"£1,560","£7,800","-£4,400",LOSS
49,25,July,2023,25-Jul-23,Davis,Virginia,Clothing,"£15,100",7,"£1,930","£13,510","-£1,590",LOSS
50,22,October,2025,22-Oct-25,Williams,Texas,Accessories,"£6,800",4,"£4,950","£19,800","£13,000",PROFIT
51,18,October,2025,18-Oct-25,Davis,Virginia,Food,"£9,500",1,£370,£370,"-£9,130",LOSS
52,19,July,2024,19-Jul-24,Brown,California,Clothing,"£12,100",9,"£4,590","£41,310","£29,210",PROFIT
53,3,December,2024,03-Dec-24,Smith,Indiana,Clothing,"£10,200",14,£470,"£6,580","-£3,620",LOSS
54,6,February,2024,06-Feb-24,Williams,Indiana,Food,"£1,500",5,"£1,280","£6,400","£4,900",PROFIT
55,30,December,2024,30-Dec-24,Miller,Indiana,Clothing,"£5,800",11,"£3,020","£33,220","£27,420",PROFIT
56,11,June,2023,11-Jun-23,Davis,Indiana,Accessories,"£17,700",2,"£3,800","£7,600","-£10,100",LOSS
57,21,July,2023,21-Jul-23,Williams,Texas,Accessories,"£5,100",8,"£2,530","£20,240","£15,140",PROFIT
58,22,September,2025,22-Sep-25,Garcia,Indiana,Snacks,"£14,400",11,£770,"£8,470","-£5,930",LOSS
59,27,September,2023,27-Sep-23,Johnson,Indiana,Clothing,"£15,300",13,"£2,230","£28,990","£13,690",PROFIT
60,26,March,2025,26-Mar-25,Miller,Indiana,Snacks,"£14,300",2,"£2,270","£4,540","-£9,760",LOSS
61,31,March,2024,31-Mar-24,Miller,Indiana,Clothing,£900,3,"£1,860","£5,580","£4,680",PROFIT
62,13,October,2025,13-Oct-25,Davis,California,Accessories,"£18,800",14,"£3,080","£43,120","£24,320",PROFIT
63,23,October,2023,23-Oct-23,Garcia,Indiana,Accessories,"£2,400",10,"£1,730","£17,300","£14,900",PROFIT
64,20,December,2024,20-Dec-24,Garcia,California,Accessories,"£17,300",1,£670,£670,"-£16,630",LOSS
65,4,December,2023,04-Dec-23,Jones,Texas,Clothing,"£5,000",11,"£2,780","£30,580","£25,580",PROFIT
66,28,May,2025,28-May-25,Davis,Virginia,Accessories,"£1,600",2,"£3,170","£6,340","£4,740",PROFIT
67,12,December,2025,12-Dec-25,Smith,Indiana,Clothing,"£7,400",14,£670,"£9,380","£1,980",PROFIT
68,2,March,2025,02-Mar-25,Johnson,Virginia,Snacks,"£2,100",7,"£2,970","£20,790","£18,690",PROFIT
69,5,August,2023,05-Aug-23,Brown,Virginia,Clothing,"£11,900",10,"£4,740","£47,400","£35,500",PROFIT
70,2,February,2025,02-Feb-25,Miller,Texas,Snacks,"£15,100",2,"£1,140","£2,280","-£12,820",LOSS
71,7,July,2023,07-Jul-23,Brown,Virginia,Clothing,"£15,800",6,"£2,370","£14,220","-£1,580",LOSS
72,15,January,2024,15-Jan-24,Williams,California,Snacks,"£5,200",3,"£2,560","£7,680","£2,480",PROFIT
73,7,May,2024,07-May-24,Williams,Virginia,Accessories,"£11,200",4,"£1,970","£7,880","-£3,320",LOSS
74,30,November,2025,30-Nov-25,Brown,Virginia,Snacks,"£5,600",11,£920,"£10,120","£4,520",PROFIT
75,15,January,2023,15-Jan-23,Williams,Virginia,Accessories,"£10,000",13,"£1,950","£25,350","£15,350",PROFIT
76,6,March,2023,06-Mar-23,Smith,Indiana,Accessories,"£7,400",8,"£2,610","£20,880","£13,480",PROFIT
77,4,June,2024,04-Jun-24,Garcia,Indiana,Snacks,"£18,700",14,"£3,640","£50,960","£32,260",PROFIT
78,9,October,2024,09-Oct-24,Williams,California,Clothing,"£10,600",3,"£2,470","£7,410","-£3,190",LOSS
79,22,December,2025,22-Dec-25,Jones,California,Clothing,"£7,900",10,"£3,690","£36,900","£29,000",PROFIT
80,15,August,2024,15-Aug-24,Williams,Indiana,Food,"£16,500",6,"£1,930","£11,580","-£4,920",LOSS
81,27,January,2024,27-Jan-24,Johnson,California,Clothing,"£19,400",1,"£2,930","£2,930","-£16,470",LOSS
82,23,February,2024,23-Feb-24,Smith,Indiana,Food,"£15,500",7,"£3,940","£27,580","£12,080",PROFIT
83,16,October,2023,16-Oct-23,Johnson,Texas,Clothing,"£14,700",8,"£4,350","£34,800","£20,100",PROFIT
84,14,January,2024,14-Jan-24,Johnson,Virginia,Clothing,"£15,900",11,"£2,190","£24,090","£8,190",PROFIT
85,19,August,2023,19-Aug-23,Jones,Virginia,Accessories,"£19,600",14,"£3,130","£43,820","£24,220",PROFIT
86,14,October,2025,14-Oct-25,Smith,California,Food,"£18,300",8,"£3,050","£24,400","£6,100",PROFIT
87,10,February,2023,10-Feb-23,Smith,Indiana,Clothing,"£18,500",3,"£1,060","£3,180","-£15,320",LOSS
88,17,November,2025,17-Nov-25,Davis,Indiana,Food,"£8,600",14,"£4,560","£63,840","£55,240",PROFIT
89,15,May,2023,15-May-23,Smith,California,Accessories,"£9,600",10,"£4,690","£46,900","£37,300",PROFIT
90,20,July,2023,20-Jul-23,Smith,Indiana,Accessories,"£18,300",1,"£4,650","£4,650","-£13,650",LOSS
91,18,February,2025,18-Feb-25,Smith,Texas,Food,"£17,900",9,"£4,810","£43,290","£25,390",PROFIT
92,18,July,2025,18-Jul-25,Jones,Virginia,Accessories,£800,13,"£2,170","£28,210","£27,410",PROFIT
93,22,November,2025,22-Nov-25,Williams,California,Snacks,"£13,900",6,"£3,790","£22,740","£8,840",PROFIT
94,7,December,2025,07-Dec-25,Davis,California,Snacks,"£11,300",11,"£3,970","£43,670","£32,370",PROFIT
95,17,May,2024,17-May-24,Johnson,Indiana,Accessories,"£16,700",9,"£4,310","£38,790","£22,090",PROFIT
96,11,February,2024,11-Feb-24,Smith,California,Snacks,"£5,200",7,"£4,200","£29,400","£24,200",PROFIT
97,15,March,2025,15-Mar-25,Miller,Texas,Clothing,"£7,700",1,"£1,460","£1,460","-£6,240",LOSS
98,9,April,2023,09-Apr-23,Williams,Indiana,Food,"£7,600",12,"£3,760","£45,120","£37,520",PROFIT
99,14,November,2024,14-Nov-24,Williams,Indiana,Clothing,"£12,000",12,"£4,090","£49,080","£37,080",PROFIT
100,26,December,2024,26-Dec-24,Johnson,Indiana,Food,"£17,700",1,"£1,930","£1,930","-£15,770",LOSS
101,18,August,2025,18-Aug-25,Jones,Indiana,Accessories,"£8,500",6,£850,"£5,100","-£3,400",LOSS
102,4,September,2024,04-Sep-24,Brown,Texas,Clothing,"£8,500",5,"£2,960","£14,800","£6,300",PROFIT
103,4,October,2024,04-Oct-24,Brown,Indiana,Accessories,"£11,700",9,"£4,810","£43,290","£31,590",PROFIT
104,25,October,2025,25-Oct-25,Williams,California,Accessories,"£10,000",2,"£3,840","£7,680","-£2,320",LOSS
105,17,May,2024,17-May-24,Garcia,Texas,Food,"£7,600",8,"£1,510","£12,080","£4,480",PROFIT
106,5,February,2025,05-Feb-25,Garcia,Virginia,Food,"£15,100",11,"£2,460","£27,060","£11,960",PROFIT
107,2,February,2024,02-Feb-24,Johnson,Virginia,Food,"£6,700",5,£340,"£1,700","-£5,000",LOSS
108,20,May,2025,20-May-25,Brown,California,Clothing,"£4,200",2,"£2,990","£5,980","£1,780",PROFIT
109,5,March,2025,05-Mar-25,Williams,California,Snacks,"£7,100",13,£760,"£9,880","£2,780",PROFIT
110,28,January,2024,28-Jan-24,Jones,Texas,Food,"£19,100",10,"£2,590","£25,900","£6,800",PROFIT
111,26,July,2023,26-Jul-23,Brown,Virginia,Food,"£7,300",11,"£4,170","£45,870","£38,570",PROFIT
112,4,November,2025,04-Nov-25,Williams,Virginia,Clothing,"£1,700",11,"£1,270","£13,970","£12,270",PROFIT
113,10,June,2025,10-Jun-25,Williams,Virginia,Food,"£17,900",12,"£4,990","£59,880","£41,980",PROFIT
114,13,May,2025,13-May-25,Smith,Virginia,Clothing,"£19,300",6,£820,"£4,920","-£14,380",LOSS
115,12,January,2025,12-Jan-25,Jones,Virginia,Accessories,"£3,500",10,"£2,910","£29,100","£25,600",PROFIT
116,17,July,2024,17-Jul-24,Smith,Indiana,Food,"£11,800",8,"£4,130","£33,040","£21,240",PROFIT
117,17,October,2025,17-Oct-25,Johnson,California,Food,"£2,600",4,"£4,570","£18,280","£15,680",PROFIT
118,6,April,2023,06-Apr-23,Smith,Indiana,Accessories,"£9,700",2,"£3,690","£7,380","-£2,320",LOSS
119,29,April,2024,29-Apr-24,Miller,Virginia,Accessories,"£17,500",12,£190,"£2,280","-£15,220",LOSS
120,19,August,2023,19-Aug-23,Smith,Texas,Accessories,"£7,100",11,"£2,200","£24,200","£17,100",PROFIT
121,18,January,2025,18-Jan-25,Miller,Texas,Food,"£5,800",5,"£3,320","£16,600","£10,800",PROFIT
122,24,June,2024,24-Jun-24,Brown,Virginia,Snacks,"£14,200",12,"£1,610","£19,320","£5,120",PROFIT
123,25,November,2025,25-Nov-25,Garcia,Virginia,Snacks,"£4,600",2,£140,£280,"-£4,320",LOSS
124,8,June,2024,08-Jun-24,Davis,Texas,Snacks,"£6,800",2,"£2,040","£4,080","-£2,720",LOSS
125,31,July,2024,31-Jul-24,Davis,Indiana,Food,"£13,000",6,"£4,510","£27,060","£14,060",PROFIT
126,12,November,2024,12-Nov-24,Williams,Indiana,Accessories,"£2,500",11,"£2,920","£32,120","£29,620",PROFIT
127,10,July,2024,10-Jul-24,Davis,Virginia,Food,"£19,800",10,"£4,730","£47,300","£27,500",PROFIT
128,9,October,2025,09-Oct-25,Miller,Indiana,Accessories,"£17,300",9,"£1,220","£10,980","-£6,320",LOSS
129,7,October,2024,07-Oct-24,Jones,Texas,Food,"£15,600",13,"£2,800","£36,400","£20,800",PROFIT
130,6,March,2025,06-Mar-25,Smith,Indiana,Food,"£3,900",4,"£1,720","£6,880","£2,980",PROFIT
131,17,November,2025,17-Nov-25,Miller,Virginia,Accessories,"£18,800",6,"£4,690","£28,140","£9,340",PROFIT
132,9,July,2023,09-Jul-23,Jones,Texas,Snacks,"£3,400",7,"£1,140","£7,980","£4,580",PROFIT
133,24,September,2024,24-Sep-24,Garcia,Indiana,Accessories,"£6,100",13,"£1,900","£24,700","£18,600",PROFIT
134,19,September,2024,19-Sep-24,Davis,California,Clothing,"£5,100",11,£530,"£5,830",£730,PROFIT
135,30,August,2025,30-Aug-25,Garcia,Texas,Clothing,"£16,700",6,"£2,910","£17,460",£760,PROFIT
136,10,December,2024,10-Dec-24,Davis,Texas,Accessories,"£2,300",8,"£1,840","£14,720","£12,420",PROFIT
137,10,October,2024,10-Oct-24,Smith,California,Food,"£11,800",4,"£1,710","£6,840","-£4,960",LOSS
138,14,November,2023,14-Nov-23,Johnson,California,Clothing,"£1,200",12,"£4,800","£57,600","£56,400",PROFIT
139,14,November,2024,14-Nov-24,Smith,Texas,Clothing,"£3,000",1,"£3,600","£3,600",£600,PROFIT
140,25,October,2024,25-Oct-24,Brown,California,Food,"£11,700",7,"£4,430","£31,010","£19,310",PROFIT
141,17,March,2024,17-Mar-24,Miller,Virginia,Food,"£7,500",3,"£3,490","£10,470","£2,970",PROFIT
142,17,July,2024,17-Jul-24,Williams,Virginia,Snacks,"£3,400",14,"£1,490","£20,860","£17,460",PROFIT
143,9,August,2025,09-Aug-25,Johnson,Virginia,Food,"£13,900",6,"£4,800","£28,800","£14,900",PROFIT
144,29,November,2024,29-Nov-24,Smith,Texas,Accessories,"£7,100",2,"£1,410","£2,820","-£4,280",LOSS
145,23,April,2023,23-Apr-23,Jones,California,Accessories,"£6,900",9,£960,"£8,640","£1,740",PROFIT
146,2,January,2023,02-Jan-23,Johnson,California,Snacks,"£4,000",1,"£1,850","£1,850","-£2,150",LOSS
147,3,October,2024,03-Oct-24,Miller,Indiana,Clothing,"£2,900",6,"£1,920","£11,520","£8,620",PROFIT
148,8,August,2023,08-Aug-23,Davis,Indiana,Clothing,"£4,100",6,"£3,770","£22,620","£18,520",PROFIT
149,4,May,2025,04-May-25,Johnson,California,Food,£500,5,"£1,380","£6,900","£6,400",PROFIT
150,20,January,2024,20-Jan-24,Davis,California,Accessories,"£14,700",13,"£2,550","£33,150","£18,450",PROFIT
151,12,December,2025,12-Dec-25,Miller,California,Clothing,"£4,100",5,£980,"£4,900",£800,PROFIT
152,30,December,2024,30-Dec-24,Smith,Texas,Snacks,"£14,500",1,£750,£750,"-£13,750",LOSS
153,4,September,2023,04-Sep-23,Miller,California,Snacks,"£14,000",10,"£1,670","£16,700","£2,700",PROFIT
154,15,April,2025,15-Apr-25,Johnson,Indiana,Accessories,"£13,700",12,"£3,960","£47,520","£33,820",PROFIT
155,22,July,2023,22-Jul-23,Jones,Texas,Snacks,"£19,200",5,"£3,870","£19,350",£150,PROFIT
156,3,May,2023,03-May-23,Garcia,California,Snacks,"£13,200",2,"£1,580","£3,160","-£10,040",LOSS
157,5,February,2024,05-Feb-24,Johnson,Indiana,Accessories,"£13,100",7,"£4,820","£33,740","£20,640",PROFIT
158,5,February,2025,05-Feb-25,Miller,Texas,Food,£500,3,"£3,490","£10,470","£9,970",PROFIT
159,21,October,2023,21-Oct-23,Garcia,California,Food,"£16,800",13,"£4,420","£57,460","£40,660",PROFIT
160,7,October,2023,07-Oct-23,Miller,California,Snacks,"£3,900",4,"£1,250","£5,000","£1,100",PROFIT
161,2,June,2025,02-Jun-25,Jones,California,Food,"£19,800",3,"£2,230","£6,690","-£13,110",LOSS
162,17,July,2023,17-Jul-23,Miller,Texas,Food,"£19,500",3,"£4,780","£14,340","-£5,160",LOSS
163,8,September,2025,08-Sep-25,Smith,Indiana,Snacks,"£10,800",4,"£4,550","£18,200","£7,400",PROFIT
164,21,January,2025,21-Jan-25,Williams,Indiana,Food,"£2,700",5,"£4,900","£24,500","£21,800",PROFIT
165,24,May,2023,24-May-23,Davis,Virginia,Snacks,"£1,300",1,"£3,810","£3,810","£2,510",PROFIT
166,31,August,2024,31-Aug-24,Davis,California,Clothing,"£3,800",4,"£3,030","£12,120","£8,320",PROFIT
167,6,July,2023,06-Jul-23,Johnson,Virginia,Accessories,"£17,800",12,"£2,620","£31,440","£13,640",PROFIT
168,8,April,2024,08-Apr-24,Williams,Virginia,Accessories,"£13,200",12,"£1,520","£18,240","£5,040",PROFIT
169,21,October,2024,21-Oct-24,Miller,Indiana,Food,£800,11,"£2,590","£28,490","£27,690",PROFIT
170,2,February,2025,02-Feb-25,Jones,Texas,Food,"£16,200",8,"£3,750","£30,000","£13,800",PROFIT
171,12,August,2025,12-Aug-25,Johnson,Texas,Food,"£10,600",10,"£4,450","£44,500","£33,900",PROFIT
172,7,February,2024,07-Feb-24,Miller,Indiana,Accessories,"£7,900",7,"£4,720","£33,040","£25,140",PROFIT
173,27,May,2023,27-May-23,Garcia,Texas,Clothing,"£10,300",9,"£3,110","£27,990","£17,690",PROFIT
174,13,May,2025,13-May-25,Brown,Virginia,Clothing,"£7,600",5,£340,"£1,700","-£5,900",LOSS
175,3,May,2024,03-May-24,Miller,California,Accessories,£700,13,"£2,860","£37,180","£36,480",PROFIT
176,17,July,2025,17-Jul-25,Williams,Indiana,Clothing,"£14,600",10,"£4,810","£48,100","£33,500",PROFIT
177,4,July,2024,04-Jul-24,Johnson,California,Accessories,"£19,200",4,"£3,860","£15,440","-£3,760",LOSS
178,4,December,2023,04-Dec-23,Williams,Texas,Clothing,"£17,700",8,"£3,870","£30,960","£13,260",PROFIT
179,21,May,2025,21-May-25,Johnson,California,Snacks,"£3,800",9,"£3,980","£35,820","£32,020",PROFIT
180,2,October,2024,02-Oct-24,Miller,Texas,Snacks,"£4,900",13,£790,"£10,270","£5,370",PROFIT
181,17,April,2024,17-Apr-24,Smith,Texas,Accessories,"£6,500",7,"£1,220","£8,540","£2,040",PROFIT
182,31,May,2023,31-May-23,Garcia,Virginia,Clothing,"£8,700",14,"£3,720","£52,080","£43,380",PROFIT
183,20,September,2023,20-Sep-23,Miller,Texas,Food,"£12,700",7,"£1,210","£8,470","-£4,230",LOSS
184,24,May,2023,24-May-23,Davis,Virginia,Clothing,"£10,600",5,"£3,730","£18,650","£8,050",PROFIT
185,12,December,2023,12-Dec-23,Williams,Virginia,Snacks,"£2,000",4,"£3,120","£12,480","£10,480",PROFIT
186,15,September,2024,15-Sep-24,Brown,Virginia,Snacks,"£7,000",14,"£4,800","£67,200","£60,200",PROFIT
187,13,October,2025,13-Oct-25,Brown,Indiana,Clothing,"£17,200",10,"£4,610","£46,100","£28,900",PROFIT
188,30,May,2025,30-May-25,Jones,Indiana,Clothing,"£14,900",1,"£1,000","£1,000","-£13,900",LOSS
189,2,January,2023,02-Jan-23,Johnson,Texas,Food,"£12,300",10,£270,"£2,700","-£9,600",LOSS
190,15,June,2025,15-Jun-25,Williams,Virginia,Food,"£16,600",10,"£1,580","£15,800",-£800,LOSS
191,11,September,2023,11-Sep-23,Jones,Indiana,Clothing,"£12,800",7,"£4,850","£33,950","£21,150",PROFIT
192,28,March,2024,28-Mar-24,Williams,Virginia,Clothing,"£14,800",1,"£2,360","£2,360","-£12,440",LOSS
193,26,November,2025,26-Nov-25,Davis,California,Clothing,"£10,600",1,"£2,230","£2,230","-£8,370",LOSS
194,11,October,2025,11-Oct-25,Johnson,California,Clothing,"£19,200",5,"£3,690","£18,450",-£750,LOSS
195,9,January,2023,09-Jan-23,Miller,California,Accessories,"£7,000",13,"£1,600","£20,800","£13,800",PROFIT
196,26,March,2025,26-Mar-25,Miller,Texas,Clothing,"£19,800",9,"£2,010","£18,090","-£1,710",LOSS
197,27,July,2023,27-Jul-23,Brown,Virginia,Food,"£1,700",6,"£4,600","£27,600","£25,900",PROFIT
198,8,February,2024,08-Feb-24,Miller,California,Snacks,"£18,800",3,£490,"£1,470","-£17,330",LOSS
199,1,June,2023,01-Jun-23,Miller,Indiana,Accessories,"£11,500",13,"£2,510","£32,630","£21,130",PROFIT
200,23,February,2023,23-Feb-23,Davis,California,Clothing,"£16,300",3,"£1,470","£4,410","-£11,890",LOSS
201,19,September,2024,19-Sep-24,Smith,California,Snacks,"£3,800",7,"£3,540","£24,780","£20,980",PROFIT
202,9,August,2024,09-Aug-24,Brown,California,Accessories,"£4,300",6,"£1,890","£11,340","£7,040",PROFIT
203,14,April,2023,14-Apr-23,Jones,Texas,Snacks,"£19,900",9,"£2,090","£18,810","-£1,090",LOSS
204,11,September,2023,11-Sep-23,Garcia,Indiana,Clothing,"£14,000",6,"£2,120","£12,720","-£1,280",LOSS
205,24,May,2024,24-May-24,Smith,Virginia,Clothing,"£12,400",5,£700,"£3,500","-£8,900",LOSS
206,9,April,2023,09-Apr-23,Jones,Indiana,Food,"£13,000",10,"£2,010","£20,100","£7,100",PROFIT
207,2,June,2023,02-Jun-23,Johnson,Virginia,Clothing,"£5,900",7,£140,£980,"-£4,920",LOSS
208,2,July,2025,02-Jul-25,Smith,Texas,Clothing,"£3,100",1,"£3,870","£3,870",£770,PROFIT
209,27,May,2025,27-May-25,Davis,Texas,Accessories,"£12,200",12,"£2,460","£29,520","£17,320",PROFIT
210,4,December,2023,04-Dec-23,Jones,Texas,Food,"£5,700",7,"£1,900","£13,300","£7,600",PROFIT
211,1,April,2025,01-Apr-25,Johnson,Texas,Accessories,"£4,300",3,"£3,200","£9,600","£5,300",PROFIT
212,14,August,2025,14-Aug-25,Brown,Virginia,Snacks,"£6,900",14,£460,"£6,440",-£460,LOSS
213,10,June,2023,10-Jun-23,Garcia,California,Clothing,"£14,900",9,£650,"£5,850","-£9,050",LOSS
214,11,March,2025,11-Mar-25,Johnson,Virginia,Snacks,"£16,200",6,"£4,520","£27,120","£10,920",PROFIT
215,2,February,2024,02-Feb-24,Miller,Indiana,Accessories,"£18,500",9,"£2,460","£22,140","£3,640",PROFIT
216,26,March,2025,26-Mar-25,Williams,Texas,Clothing,"£1,700",13,"£3,670","£47,710","£46,010",PROFIT
217,5,February,2024,05-Feb-24,Johnson,Texas,Clothing,"£2,500",5,"£3,580","£17,900","£15,400",PROFIT
218,1,October,2024,01-Oct-24,Johnson,Indiana,Accessories,"£15,100",7,"£2,060","£14,420",-£680,LOSS
219,22,November,2025,22-Nov-25,Garcia,Virginia,Accessories,"£5,700",13,£820,"£10,660","£4,960",PROFIT
220,18,November,2024,18-Nov-24,Williams,California,Accessories,"£2,300",14,£680,"£9,520","£7,220",PROFIT
221,4,April,2024,04-Apr-24,Miller,California,Accessories,"£6,100",4,"£2,490","£9,960","£3,860",PROFIT
222,12,August,2025,12-Aug-25,Jones,Indiana,Accessories,"£2,900",7,£110,£770,"-£2,130",LOSS
223,14,April,2024,14-Apr-24,Jones,California,Clothing,"£3,500",13,"£4,580","£59,540","£56,040",PROFIT
224,11,November,2025,11-Nov-25,Johnson,Virginia,Accessories,"£8,500",1,"£3,690","£3,690","-£4,810",LOSS
225,19,January,2025,19-Jan-25,Davis,Virginia,Clothing,"£18,700",7,"£1,970","£13,790","-£4,910",LOSS
226,7,February,2023,07-Feb-23,Davis,Indiana,Clothing,"£2,700",8,"£3,160","£25,280","£22,580",PROFIT
227,18,August,2023,18-Aug-23,Williams,Virginia,Accessories,"£3,600",5,£390,"£1,950","-£1,650",LOSS
228,16,July,2024,16-Jul-24,Williams,Texas,Accessories,"£19,400",2,"£2,760","£5,520","-£13,880",LOSS
229,13,March,2024,13-Mar-24,Miller,Indiana,Food,"£7,800",5,"£4,850","£24,250","£16,450",PROFIT
230,27,January,2023,27-Jan-23,Garcia,Virginia,Clothing,"£1,400",6,"£1,170","£7,020","£5,620",PROFIT
231,14,August,2023,14-Aug-23,Brown,Indiana,Accessories,"£5,800",12,"£3,410","£40,920","£35,120",PROFIT
232,8,March,2025,08-Mar-25,Jones,California,Accessories,"£5,600",2,"£4,320","£8,640","£3,040",PROFIT
233,11,October,2023,11-Oct-23,Garcia,Virginia,Accessories,"£15,200",14,£990,"£13,860","-£1,340",LOSS
234,28,May,2025,28-May-25,Smith,Texas,Food,"£16,400",6,"£2,140","£12,840","-£3,560",LOSS
235,17,August,2025,17-Aug-25,Jones,Virginia,Food,"£11,800",6,"£3,880","£23,280","£11,480",PROFIT
236,28,March,2024,28-Mar-24,Garcia,Indiana,Snacks,"£1,800",1,"£4,650","£4,650","£2,850",PROFIT
237,16,October,2025,16-Oct-25,Jones,Indiana,Clothing,"£18,200",14,"£4,560","£63,840","£45,640",PROFIT
238,26,March,2025,26-Mar-25,Brown,Virginia,Snacks,"£16,000",1,"£4,570","£4,570","-£11,430",LOSS
239,20,October,2024,20-Oct-24,Smith,Texas,Accessories,"£11,400",14,"£4,540","£63,560","£52,160",PROFIT
240,30,June,2024,30-Jun-24,Davis,Texas,Food,"£5,700",11,"£3,900","£42,900","£37,200",PROFIT
241,8,December,2025,08-Dec-25,Davis,Texas,Food,"£15,600",10,"£4,470","£44,700","£29,100",PROFIT
242,17,January,2023,17-Jan-23,Brown,Indiana,Snacks,"£8,300",3,"£2,290","£6,870","-£1,430",LOSS
243,7,June,2023,07-Jun-23,Miller,Virginia,Food,"£2,600",14,"£3,870","£54,180","£51,580",PROFIT
244,21,April,2024,21-Apr-24,Smith,California,Accessories,"£3,400",10,"£1,030","£10,300","£6,900",PROFIT
245,5,December,2025,05-Dec-25,Johnson,Indiana,Food,"£19,500",10,"£4,660","£46,600","£27,100",PROFIT
246,1,June,2024,01-Jun-24,Garcia,Texas,Snacks,£800,12,"£1,120","£13,440","£12,640",PROFIT
247,9,April,2023,09-Apr-23,Smith,Virginia,Accessories,"£6,300",3,"£2,320","£6,960",£660,PROFIT
248,26,November,2025,26-Nov-25,Miller,Texas,Snacks,"£1,200",4,"£1,950","£7,800","£6,600",PROFIT
249,7,October,2023,07-Oct-23,Miller,California,Food,"£1,600",2,"£4,780","£9,560","£7,960",PROFIT
250,11,May,2024,11-May-24,Brown,Texas,Snacks,"£12,300",9,"£1,930","£17,370","£5,070",PROFIT
251,29,October,2023,29-Oct-23,Jones,Texas,Snacks,"£16,300",10,"£1,710","£17,100",£800,PROFIT
252,30,June,2023,30-Jun-23,Smith,California,Clothing,"£3,800",12,"£2,560","£30,720","£26,920",PROFIT
253,29,August,2024,29-Aug-24,Garcia,Virginia,Food,"£8,600",11,£400,"£4,400","-£4,200",LOSS
254,30,November,2024,30-Nov-24,Smith,Indiana,Food,"£10,200",14,£610,"£8,540","-£1,660",LOSS
255,19,September,2025,19-Sep-25,Williams,Virginia,Snacks,"£13,100",7,"£3,540","£24,780","£11,680",PROFIT
256,10,July,2023,10-Jul-23,Jones,California,Clothing,"£7,900",7,£850,"£5,950","-£1,950",LOSS
257,10,September,2023,10-Sep-23,Garcia,Texas,Food,"£10,900",6,"£3,940","£23,640","£12,740",PROFIT
258,7,September,2025,07-Sep-25,Davis,Virginia,Accessories,"£5,300",3,"£4,480","£13,440","£8,140",PROFIT
259,16,July,2025,16-Jul-25,Garcia,Indiana,Snacks,"£8,300",6,"£2,870","£17,220","£8,920",PROFIT
260,8,May,2023,08-May-23,Johnson,California,Food,"£18,900",14,£490,"£6,860","-£12,040",LOSS
261,18,January,2023,18-Jan-23,Brown,Virginia,Accessories,"£9,700",12,"£1,100","£13,200","£3,500",PROFIT
262,19,July,2024,19-Jul-24,Johnson,Indiana,Food,"£15,800",8,"£1,200","£9,600","-£6,200",LOSS
263,23,July,2024,23-Jul-24,Garcia,California,Accessories,"£2,200",8,"£3,940","£31,520","£29,320",PROFIT
264,16,November,2024,16-Nov-24,Jones,Indiana,Snacks,"£10,000",11,"£3,300","£36,300","£26,300",PROFIT
265,17,September,2024,17-Sep-24,Smith,California,Food,"£4,200",13,"£2,580","£33,540","£29,340",PROFIT
266,3,May,2025,03-May-25,Davis,Texas,Food,"£9,100",9,"£2,000","£18,000","£8,900",PROFIT
267,19,August,2025,19-Aug-25,Smith,Virginia,Clothing,"£9,200",1,"£4,990","£4,990","-£4,210",LOSS
268,4,June,2023,04-Jun-23,Jones,Indiana,Snacks,"£5,400",14,"£1,910","£26,740","£21,340",PROFIT
269,4,May,2024,04-May-24,Garcia,California,Accessories,"£1,200",1,"£4,350","£4,350","£3,150",PROFIT
270,23,February,2025,23-Feb-25,Miller,Indiana,Food,"£17,300",3,"£4,140","£12,420","-£4,880",LOSS
271,3,September,2023,03-Sep-23,Smith,Indiana,Food,"£13,800",3,"£3,440","£10,320","-£3,480",LOSS
272,28,November,2025,28-Nov-25,Miller,Virginia,Accessories,"£7,300",10,"£2,180","£21,800","£14,500",PROFIT
273,28,January,2025,28-Jan-25,Smith,Texas,Snacks,"£17,600",8,£310,"£2,480","-£15,120",LOSS
274,21,June,2024,21-Jun-24,Smith,Indiana,Clothing,"£12,500",10,"£1,750","£17,500","£5,000",PROFIT
275,9,July,2025,09-Jul-25,Davis,California,Clothing,"£6,800",1,"£1,080","£1,080","-£5,720",LOSS
276,12,February,2024,12-Feb-24,Brown,California,Food,"£16,100",13,"£2,170","£28,210","£12,110",PROFIT
277,8,June,2024,08-Jun-24,Brown,Texas,Accessories,"£16,000",2,£170,£340,"-£15,660",LOSS
278,7,April,2025,07-Apr-25,Williams,California,Food,"£14,300",2,"£1,990","£3,980","-£10,320",LOSS
279,21,June,2025,21-Jun-25,Johnson,Texas,Accessories,"£12,500",3,"£1,840","£5,520","-£6,980",LOSS
280,5,February,2023,05-Feb-23,Jones,California,Clothing,"£6,900",13,"£2,820","£36,660","£29,760",PROFIT
281,15,November,2024,15-Nov-24,Jones,Virginia,Snacks,"£11,100",6,£260,"£1,560","-£9,540",LOSS
282,20,January,2023,20-Jan-23,Jones,Indiana,Accessories,"£15,100",1,£990,£990,"-£14,110",LOSS
283,17,November,2023,17-Nov-23,Williams,Virginia,Clothing,"£14,100",2,"£1,500","£3,000","-£11,100",LOSS
284,26,May,2024,26-May-24,Brown,Indiana,Food,"£15,900",13,"£1,540","£20,020","£4,120",PROFIT
285,4,February,2024,04-Feb-24,Garcia,Indiana,Accessories,"£16,600",13,"£1,750","£22,750","£6,150",PROFIT
286,15,October,2024,15-Oct-24,Miller,Indiana,Snacks,"£17,600",1,"£3,460","£3,460","-£14,140",LOSS
287,29,August,2025,29-Aug-25,Davis,Virginia,Food,"£10,400",5,£870,"£4,350","-£6,050",LOSS
288,15,April,2024,15-Apr-24,Miller,Indiana,Food,"£8,600",13,"£4,380","£56,940","£48,340",PROFIT
289,13,April,2025,13-Apr-25,Garcia,Virginia,Clothing,"£14,700",13,"£2,710","£35,230","£20,530",PROFIT
290,27,December,2024,27-Dec-24,Davis,Texas,Accessories,"£5,500",7,"£1,720","£12,040","£6,540",PROFIT
291,3,May,2025,03-May-25,Williams,California,Food,"£14,500",8,"£3,750","£30,000","£15,500",PROFIT
292,20,February,2023,20-Feb-23,Garcia,California,Snacks,"£8,700",10,£230,"£2,300","-£6,400",LOSS
293,28,July,2024,28-Jul-24,Jones,Indiana,Accessories,"£18,100",1,"£2,480","£2,480","-£15,620",LOSS
294,30,May,2023,30-May-23,Johnson,Virginia,Snacks,"£11,600",7,£810,"£5,670","-£5,930",LOSS
295,10,November,2023,10-Nov-23,Smith,California,Food,"£6,000",13,"£4,540","£59,020","£53,020",PROFIT
296,23,July,2024,23-Jul-24,Miller,Virginia,Snacks,"£18,300",5,"£1,520","£7,600","-£10,700",LOSS
297,1,November,2023,01-Nov-23,Brown,Virginia,Clothing,"£16,900",10,"£3,190","£31,900","£15,000",PROFIT
298,12,November,2024,12-Nov-24,Brown,Indiana,Snacks,"£14,900",1,"£2,920","£2,920","-£11,980",LOSS
299,17,April,2025,17-Apr-25,Williams,California,Accessories,"£19,000",3,"£2,780","£8,340","-£10,660",LOSS
300,13,December,2025,13-Dec-25,Davis,Indiana,Snacks,"£16,100",7,"£2,500","£17,500","£1,400",PROFIT
301,29,September,2025,29-Sep-25,Brown,Indiana,Snacks,"£16,500",10,"£4,240","£42,400","£25,900",PROFIT
302,19,March,2024,19-Mar-24,Jones,California,Clothing,"£6,400",1,"£2,540","£2,540","-£3,860",LOSS
303,4,September,2024,04-Sep-24,Miller,California,Snacks,"£12,400",7,"£1,720","£12,040",-£360,LOSS
304,19,September,2025,19-Sep-25,Garcia,Texas,Snacks,"£18,700",5,£690,"£3,450","-£15,250",LOSS
305,21,September,2023,21-Sep-23,Jones,Texas,Food,"£14,200",1,£150,£150,"-£14,050",LOSS
306,12,December,2025,12-Dec-25,Williams,Virginia,Food,"£17,900",1,"£2,060","£2,060","-£15,840",LOSS
307,30,September,2025,30-Sep-25,Jones,California,Accessories,"£2,700",14,"£4,790","£67,060","£64,360",PROFIT
308,5,January,2023,05-Jan-23,Garcia,Texas,Food,"£15,300",1,£670,£670,"-£14,630",LOSS
309,12,February,2025,12-Feb-25,Johnson,Virginia,Food,"£1,700",11,"£3,140","£34,540","£32,840",PROFIT
310,26,May,2025,26-May-25,Williams,Virginia,Food,"£10,500",9,"£4,160","£37,440","£26,940",PROFIT
311,18,September,2025,18-Sep-25,Johnson,Virginia,Food,"£16,500",11,"£2,260","£24,860","£8,360",PROFIT
312,2,June,2025,02-Jun-25,Smith,Texas,Clothing,"£2,800",13,"£4,270","£55,510","£52,710",PROFIT
313,16,February,2023,16-Feb-23,Johnson,California,Food,"£11,200",3,£350,"£1,050","-£10,150",LOSS
314,16,May,2025,16-May-25,Smith,Indiana,Clothing,"£1,500",13,"£3,120","£40,560","£39,060",PROFIT
315,2,April,2025,02-Apr-25,Smith,Virginia,Clothing,"£2,100",5,£140,£700,"-£1,400",LOSS
316,24,July,2025,24-Jul-25,Johnson,Texas,Food,"£17,900",11,"£4,830","£53,130","£35,230",PROFIT
317,17,October,2024,17-Oct-24,Williams,Texas,Snacks,"£2,900",10,£290,"£2,900",£0,LOSS
318,26,September,2023,26-Sep-23,Davis,Indiana,Clothing,"£9,800",12,"£3,990","£47,880","£38,080",PROFIT
319,5,January,2024,05-Jan-24,Garcia,Indiana,Snacks,"£2,500",9,"£2,070","£18,630","£16,130",PROFIT
320,27,September,2024,27-Sep-24,Jones,Texas,Snacks,"£8,800",6,£680,"£4,080","-£4,720",LOSS
321,18,October,2024,18-Oct-24,Jones,California,Food,"£14,400",12,"£4,570","£54,840","£40,440",PROFIT
322,30,April,2023,30-Apr-23,Garcia,Indiana,Accessories,"£4,100",9,"£2,510","£22,590","£18,490",PROFIT
323,10,April,2025,10-Apr-25,Miller,Texas,Food,"£4,600",8,"£1,550","£12,400","£7,800",PROFIT
324,17,December,2025,17-Dec-25,Miller,Indiana,Accessories,"£14,900",8,"£3,970","£31,760","£16,860",PROFIT
325,10,January,2025,10-Jan-25,Smith,California,Accessories,"£10,500",1,"£2,820","£2,820","-£7,680",LOSS
326,27,April,2023,27-Apr-23,Smith,Virginia,Food,"£5,200",13,"£2,580","£33,540","£28,340",PROFIT
327,1,March,2025,01-Mar-25,Williams,Indiana,Food,"£10,700",9,£230,"£2,070","-£8,630",LOSS
328,9,October,2025,09-Oct-25,Brown,California,Accessories,"£3,200",6,"£4,710","£28,260","£25,060",PROFIT
329,17,December,2025,17-Dec-25,Johnson,Texas,Food,"£4,500",9,£220,"£1,980","-£2,520",LOSS
330,25,September,2024,25-Sep-24,Smith,Indiana,Accessories,"£10,300",3,"£4,000","£12,000","£1,700",PROFIT
331,27,May,2024,27-May-24,Jones,Indiana,Snacks,"£5,100",12,"£3,930","£47,160","£42,060",PROFIT
332,12,March,2025,12-Mar-25,Williams,Texas,Food,"£15,000",3,£530,"£1,590","-£13,410",LOSS
333,13,July,2024,13-Jul-24,Johnson,Virginia,Snacks,"£10,900",6,"£3,840","£23,040","£12,140",PROFIT
334,2,May,2024,02-May-24,Williams,Texas,Clothing,"£12,800",9,"£4,080","£36,720","£23,920",PROFIT
335,15,June,2025,15-Jun-25,Johnson,Indiana,Snacks,"£1,700",7,£280,"£1,960",£260,PROFIT
336,4,December,2024,04-Dec-24,Johnson,Texas,Snacks,"£14,500",14,£720,"£10,080","-£4,420",LOSS
337,3,August,2024,03-Aug-24,Garcia,California,Accessories,"£10,400",13,"£2,480","£32,240","£21,840",PROFIT
338,28,February,2025,28-Feb-25,Smith,Texas,Snacks,"£3,500",3,"£4,280","£12,840","£9,340",PROFIT
339,10,May,2025,10-May-25,Davis,Indiana,Food,"£13,400",3,"£3,460","£10,380","-£3,020",LOSS
340,4,September,2023,04-Sep-23,Williams,Texas,Accessories,"£2,000",2,"£4,280","£8,560","£6,560",PROFIT
341,3,June,2023,03-Jun-23,Davis,Virginia,Clothing,"£14,100",9,"£4,120","£37,080","£22,980",PROFIT
342,23,September,2025,23-Sep-25,Williams,Texas,Food,"£7,700",13,"£4,130","£53,690","£45,990",PROFIT
343,27,November,2024,27-Nov-24,Garcia,Virginia,Clothing,"£17,000",3,"£1,090","£3,270","-£13,730",LOSS
344,28,December,2025,28-Dec-25,Jones,California,Snacks,"£5,800",11,"£1,720","£18,920","£13,120",PROFIT
345,6,December,2025,06-Dec-25,Davis,Virginia,Food,"£18,800",5,"£4,250","£21,250","£2,450",PROFIT
346,5,October,2025,05-Oct-25,Jones,Texas,Food,"£10,400",14,"£1,310","£18,340","£7,940",PROFIT
347,4,April,2023,04-Apr-23,Miller,Indiana,Clothing,"£11,300",14,"£4,410","£61,740","£50,440",PROFIT
348,15,August,2025,15-Aug-25,Smith,Virginia,Food,"£9,100",9,£530,"£4,770","-£4,330",LOSS
349,8,October,2025,08-Oct-25,Smith,California,Food,"£17,700",8,"£3,690","£29,520","£11,820",PROFIT
350,28,March,2024,28-Mar-24,Brown,Virginia,Food,"£16,600",2,"£4,170","£8,340","-£8,260",LOSS
351,30,June,2025,30-Jun-25,Garcia,Virginia,Snacks,"£14,100",3,"£3,260","£9,780","-£4,320",LOSS
352,6,August,2023,06-Aug-23,Jones,Virginia,Clothing,"£1,200",2,"£3,900","£7,800","£6,600",PROFIT
353,18,April,2024,18-Apr-24,Johnson,California,Food,"£1,100",8,"£1,540","£12,320","£11,220",PROFIT
354,7,March,2024,07-Mar-24,Williams,Texas,Accessories,"£4,000",6,"£3,360","£20,160","£16,160",PROFIT
355,7,December,2023,07-Dec-23,Smith,Virginia,Accessories,"£2,200",6,"£3,720","£22,320","£20,120",PROFIT
356,4,July,2024,04-Jul-24,Davis,Virginia,Accessories,£700,12,£590,"£7,080","£6,380",PROFIT
357,23,December,2023,23-Dec-23,Williams,Indiana,Accessories,"£3,200",9,£740,"£6,660","£3,460",PROFIT
358,23,January,2023,23-Jan-23,Williams,California,Snacks,"£7,400",8,"£3,640","£29,120","£21,720",PROFIT
359,5,June,2024,05-Jun-24,Brown,Virginia,Food,"£17,600",4,"£2,970","£11,880","-£5,720",LOSS
360,12,March,2025,12-Mar-25,Jones,California,Clothing,"£15,300",12,"£1,730","£20,760","£5,460",PROFIT
361,31,January,2025,31-Jan-25,Smith,Virginia,Food,"£3,200",4,"£1,500","£6,000","£2,800",PROFIT
362,17,March,2024,17-Mar-24,Williams,Texas,Snacks,"£5,800",9,"£4,630","£41,670","£35,870",PROFIT
363,7,February,2025,07-Feb-25,Smith,Texas,Accessories,"£18,600",1,"£3,230","£3,230","-£15,370",LOSS
364,12,October,2025,12-Oct-25,Johnson,Virginia,Snacks,"£6,900",13,"£1,370","£17,810","£10,910",PROFIT
365,30,May,2024,30-May-24,Brown,Texas,Food,"£10,400",2,"£4,070","£8,140","-£2,260",LOSS
366,5,November,2025,05-Nov-25,Johnson,Virginia,Clothing,"£2,500",2,"£4,300","£8,600","£6,100",PROFIT
367,2,March,2025,02-Mar-25,Smith,Texas,Snacks,"£1,700",13,"£3,770","£49,010","£47,310",PROFIT
368,2,December,2023,02-Dec-23,Miller,Indiana,Clothing,"£6,100",13,"£4,720","£61,360","£55,260",PROFIT
369,15,September,2023,15-Sep-23,Davis,Indiana,Snacks,"£5,300",6,"£2,480","£14,880","£9,580",PROFIT
370,11,May,2024,11-May-24,Smith,Indiana,Clothing,"£12,200",4,"£3,330","£13,320","£1,120",PROFIT
371,14,June,2025,14-Jun-25,Jones,California,Clothing,"£5,800",13,"£3,050","£39,650","£33,850",PROFIT
372,9,June,2023,09-Jun-23,Williams,California,Accessories,"£14,200",11,"£1,960","£21,560","£7,360",PROFIT
373,1,May,2025,01-May-25,Williams,Indiana,Clothing,"£5,700",10,"£2,170","£21,700","£16,000",PROFIT
374,20,November,2024,20-Nov-24,Johnson,California,Accessories,"£4,800",13,"£2,290","£29,770","£24,970",PROFIT
375,15,January,2024,15-Jan-24,Davis,Texas,Food,"£5,100",3,"£4,090","£12,270","£7,170",PROFIT
376,14,August,2025,14-Aug-25,Brown,Virginia,Food,"£5,700",3,"£1,990","£5,970",£270,PROFIT
377,21,November,2024,21-Nov-24,Miller,Virginia,Accessories,"£7,800",3,"£3,970","£11,910","£4,110",PROFIT
378,2,December,2025,02-Dec-25,Garcia,Virginia,Accessories,"£5,000",6,"£4,380","£26,280","£21,280",PROFIT
379,12,October,2023,12-Oct-23,Davis,Indiana,Snacks,"£1,700",14,"£3,550","£49,700","£48,000",PROFIT
380,1,February,2024,01-Feb-24,Williams,California,Snacks,"£16,900",8,"£2,930","£23,440","£6,540",PROFIT
381,12,January,2023,12-Jan-23,Jones,Texas,Snacks,"£10,600",11,"£3,610","£39,710","£29,110",PROFIT
382,13,May,2024,13-May-24,Davis,Texas,Food,"£2,800",7,"£2,460","£17,220","£14,420",PROFIT
383,23,January,2025,23-Jan-25,Johnson,Indiana,Snacks,£600,14,"£2,030","£28,420","£27,820",PROFIT
384,4,February,2023,04-Feb-23,Johnson,Texas,Clothing,"£8,500",4,"£2,960","£11,840","£3,340",PROFIT
385,27,December,2024,27-Dec-24,Garcia,Texas,Clothing,"£10,400",11,"£2,680","£29,480","£19,080",PROFIT
386,28,April,2025,28-Apr-25,Jones,Texas,Snacks,"£14,600",12,"£2,550","£30,600","£16,000",PROFIT
387,31,March,2023,31-Mar-23,Brown,Texas,Clothing,"£14,200",4,"£1,450","£5,800","-£8,400",LOSS
388,14,February,2025,14-Feb-25,Davis,California,Food,"£16,700",11,"£2,890","£31,790","£15,090",PROFIT
389,27,August,2024,27-Aug-24,Jones,Texas,Clothing,"£15,700",10,"£2,800","£28,000","£12,300",PROFIT
390,27,August,2025,27-Aug-25,Brown,Virginia,Food,"£13,500",11,"£1,800","£19,800","£6,300",PROFIT
391,18,October,2025,18-Oct-25,Jones,Indiana,Accessories,"£11,500",11,"£1,680","£18,480","£6,980",PROFIT
392,22,February,2024,22-Feb-24,Jones,California,Accessories,"£10,600",14,"£2,100","£29,400","£18,800",PROFIT
393,25,April,2023,25-Apr-23,Smith,Texas,Accessories,"£2,100",11,"£4,960","£54,560","£52,460",PROFIT
394,8,September,2024,08-Sep-24,Johnson,California,Accessories,"£1,600",2,£540,"£1,080",-£520,LOSS
395,5,April,2025,05-Apr-25,Davis,Texas,Clothing,"£18,600",14,"£4,590","£64,260","£45,660",PROFIT
396,17,February,2024,17-Feb-24,Jones,Virginia,Snacks,"£12,000",1,"£2,730","£2,730","-£9,270",LOSS
397,29,December,2024,29-Dec-24,Davis,Indiana,Clothing,"£2,800",9,£800,"£7,200","£4,400",PROFIT
398,17,October,2025,17-Oct-25,Garcia,Texas,Food,"£3,300",12,"£3,730","£44,760","£41,460",PROFIT
399,30,January,2025,30-Jan-25,Jones,Texas,Clothing,"£17,500",12,"£3,800","£45,600","£28,100",PROFIT
400,6,November,2024,06-Nov-24,Williams,Texas,Clothing,"£15,700",2,"£1,120","£2,240","-£13,460",LOSS
401,1,April,2024,01-Apr-24,Johnson,Texas,Food,"£12,600",13,"£4,990","£64,870","£52,270",PROFIT
402,8,July,2025,08-Jul-25,Williams,Indiana,Accessories,"£19,200",8,"£1,340","£10,720","-£8,480",LOSS
403,11,July,2023,11-Jul-23,Davis,Indiana,Accessories,"£9,400",9,"£3,220","£28,980","£19,580",PROFIT
404,8,January,2025,08-Jan-25,Davis,Virginia,Accessories,"£6,900",4,"£4,730","£18,920","£12,020",PROFIT
405,4,September,2025,04-Sep-25,Johnson,Indiana,Snacks,"£8,800",8,"£4,920","£39,360","£30,560",PROFIT
406,5,October,2025,05-Oct-25,Davis,Texas,Food,"£12,300",9,"£2,950","£26,550","£14,250",PROFIT
407,6,April,2023,06-Apr-23,Williams,Virginia,Food,"£16,000",10,"£4,670","£46,700","£30,700",PROFIT
408,24,October,2024,24-Oct-24,Jones,Virginia,Clothing,"£2,000",10,"£2,390","£23,900","£21,900",PROFIT
409,6,February,2023,06-Feb-23,Jones,Virginia,Snacks,"£17,900",5,"£1,550","£7,750","-£10,150",LOSS
410,6,October,2023,06-Oct-23,Smith,Texas,Accessories,"£10,800",13,"£3,790","£49,270","£38,470",PROFIT
411,5,August,2023,05-Aug-23,Garcia,California,Snacks,"£9,600",14,"£2,060","£28,840","£19,240",PROFIT
412,16,May,2025,16-May-25,Davis,Texas,Food,"£19,000",7,"£3,820","£26,740","£7,740",PROFIT
413,22,May,2025,22-May-25,Williams,Indiana,Food,"£3,100",10,"£2,300","£23,000","£19,900",PROFIT
414,3,March,2023,03-Mar-23,Davis,Indiana,Clothing,"£18,500",4,"£4,320","£17,280","-£1,220",LOSS
415,18,August,2024,18-Aug-24,Davis,Texas,Clothing,"£17,400",1,£690,£690,"-£16,710",LOSS
416,29,December,2024,29-Dec-24,Brown,Texas,Food,"£19,100",3,"£1,070","£3,210","-£15,890",LOSS
417,1,February,2024,01-Feb-24,Smith,Virginia,Accessories,"£17,900",5,"£1,800","£9,000","-£8,900",LOSS
418,29,November,2024,29-Nov-24,Williams,Texas,Accessories,"£16,600",3,"£3,910","£11,730","-£4,870",LOSS
419,8,November,2025,08-Nov-25,Williams,Virginia,Snacks,"£16,900",12,"£1,820","£21,840","£4,940",PROFIT
420,26,June,2023,26-Jun-23,Davis,Indiana,Food,"£13,800",13,"£1,600","£20,800","£7,000",PROFIT
421,31,January,2024,31-Jan-24,Smith,Virginia,Food,"£13,900",11,"£4,620","£50,820","£36,920",PROFIT
422,20,March,2024,20-Mar-24,Jones,Texas,Accessories,"£15,700",7,"£3,590","£25,130","£9,430",PROFIT
423,17,March,2023,17-Mar-23,Williams,Indiana,Accessories,"£3,700",12,"£3,990","£47,880","£44,180",PROFIT
424,22,September,2023,22-Sep-23,Jones,California,Food,"£5,900",9,"£4,490","£40,410","£34,510",PROFIT
425,30,March,2024,30-Mar-24,Smith,Virginia,Clothing,"£19,000",12,"£1,310","£15,720","-£3,280",LOSS
426,18,December,2024,18-Dec-24,Jones,Indiana,Food,"£1,100",6,"£1,170","£7,020","£5,920",PROFIT
427,4,January,2025,04-Jan-25,Johnson,Virginia,Food,"£6,100",13,£130,"£1,690","-£4,410",LOSS
428,30,April,2025,30-Apr-25,Brown,Indiana,Accessories,"£13,000",10,"£1,020","£10,200","-£2,800",LOSS
429,24,May,2023,24-May-23,Miller,Indiana,Accessories,"£1,600",1,"£4,160","£4,160","£2,560",PROFIT
430,3,June,2025,03-Jun-25,Williams,Virginia,Clothing,"£2,000",7,£150,"£1,050",-£950,LOSS
431,28,December,2025,28-Dec-25,Garcia,California,Clothing,"£4,700",3,"£2,970","£8,910","£4,210",PROFIT
432,31,January,2024,31-Jan-24,Brown,Indiana,Snacks,"£12,100",5,"£1,150","£5,750","-£6,350",LOSS
433,14,November,2025,14-Nov-25,Miller,Indiana,Food,"£13,900",10,"£1,550","£15,500","£1,600",PROFIT
434,5,August,2025,05-Aug-25,Jones,Indiana,Accessories,"£11,500",4,"£2,800","£11,200",-£300,LOSS
435,9,June,2025,09-Jun-25,Williams,California,Clothing,"£5,500",10,"£4,330","£43,300","£37,800",PROFIT
436,22,July,2024,22-Jul-24,Jones,California,Snacks,"£16,400",5,"£3,870","£19,350","£2,950",PROFIT
437,28,November,2025,28-Nov-25,Johnson,Texas,Snacks,"£7,900",5,"£1,050","£5,250","-£2,650",LOSS
438,19,April,2023,19-Apr-23,Smith,Virginia,Accessories,"£1,200",6,"£4,660","£27,960","£26,760",PROFIT
439,1,December,2025,01-Dec-25,Williams,California,Accessories,"£4,900",14,"£2,380","£33,320","£28,420",PROFIT
440,23,July,2025,23-Jul-25,Miller,Virginia,Snacks,"£6,300",10,"£2,110","£21,100","£14,800",PROFIT
441,2,February,2024,02-Feb-24,Miller,Texas,Clothing,"£13,600",12,"£2,210","£26,520","£12,920",PROFIT
442,25,September,2024,25-Sep-24,Johnson,Virginia,Snacks,"£10,800",10,£150,"£1,500","-£9,300",LOSS
443,2,January,2025,02-Jan-25,Johnson,California,Food,"£19,900",13,"£1,210","£15,730","-£4,170",LOSS
444,23,August,2023,23-Aug-23,Davis,Virginia,Food,"£16,100",13,"£3,850","£50,050","£33,950",PROFIT
445,19,October,2024,19-Oct-24,Williams,California,Accessories,"£16,100",11,"£3,880","£42,680","£26,580",PROFIT
446,20,January,2025,20-Jan-25,Jones,Virginia,Clothing,"£10,200",6,"£4,560","£27,360","£17,160",PROFIT
447,10,August,2024,10-Aug-24,Garcia,California,Clothing,"£16,000",8,"£3,320","£26,560","£10,560",PROFIT
448,29,October,2025,29-Oct-25,Miller,California,Food,"£8,300",8,"£1,150","£9,200",£900,PROFIT
449,11,August,2025,11-Aug-25,Miller,Virginia,Snacks,"£12,800",11,"£1,480","£16,280","£3,480",PROFIT
450,6,May,2024,06-May-24,Johnson,Texas,Accessories,"£17,600",9,"£3,080","£27,720","£10,120",PROFIT
451,1,July,2025,01-Jul-25,Brown,Indiana,Snacks,£800,8,"£4,100","£32,800","£32,000",PROFIT
452,19,June,2023,19-Jun-23,Johnson,Texas,Snacks,"£9,400",13,"£1,050","£13,650","£4,250",PROFIT
453,3,August,2025,03-Aug-25,Garcia,Virginia,Snacks,"£10,800",11,"£3,970","£43,670","£32,870",PROFIT
454,5,March,2025,05-Mar-25,Jones,Texas,Clothing,"£14,100",2,"£4,560","£9,120","-£4,980",LOSS
455,25,September,2024,25-Sep-24,Jones,California,Food,"£12,300",14,"£4,610","£64,540","£52,240",PROFIT
456,29,January,2023,29-Jan-23,Brown,Indiana,Clothing,"£13,700",14,"£3,460","£48,440","£34,740",PROFIT
457,5,December,2023,05-Dec-23,Miller,Virginia,Food,"£6,000",12,"£3,060","£36,720","£30,720",PROFIT
458,14,May,2024,14-May-24,Johnson,Virginia,Accessories,"£10,000",10,"£4,760","£47,600","£37,600",PROFIT
459,25,May,2024,25-May-24,Davis,Virginia,Accessories,"£18,200",12,"£3,980","£47,760","£29,560",PROFIT
460,5,August,2023,05-Aug-23,Jones,Indiana,Snacks,"£7,900",11,"£4,250","£46,750","£38,850",PROFIT
461,29,December,2025,29-Dec-25,Garcia,California,Food,"£14,700",1,"£2,230","£2,230","-£12,470",LOSS
462,20,March,2024,20-Mar-24,Williams,Virginia,Food,"£3,600",10,"£4,630","£46,300","£42,700",PROFIT
463,25,May,2025,25-May-25,Smith,Texas,Food,"£3,200",2,"£3,000","£6,000","£2,800",PROFIT
464,16,June,2023,16-Jun-23,Smith,Virginia,Snacks,"£2,600",2,£310,£620,"-£1,980",LOSS
465,1,April,2023,01-Apr-23,Smith,Virginia,Snacks,"£2,100",12,"£2,020","£24,240","£22,140",PROFIT
466,14,December,2024,14-Dec-24,Davis,Virginia,Accessories,"£6,300",3,"£4,770","£14,310","£8,010",PROFIT
467,8,February,2023,08-Feb-23,Miller,Virginia,Clothing,"£9,400",10,"£1,590","£15,900","£6,500",PROFIT
468,22,June,2023,22-Jun-23,Johnson,California,Food,"£11,000",7,"£3,770","£26,390","£15,390",PROFIT
469,14,October,2024,14-Oct-24,Brown,Texas,Food,"£18,900",2,"£2,560","£5,120","-£13,780",LOSS
470,23,January,2025,23-Jan-25,Davis,California,Clothing,"£3,000",14,"£2,760","£38,640","£35,640",PROFIT
471,17,December,2025,17-Dec-25,Davis,Texas,Food,"£2,900",1,"£4,700","£4,700","£1,800",PROFIT
472,20,April,2024,20-Apr-24,Jones,Virginia,Snacks,"£14,200",14,"£2,600","£36,400","£22,200",PROFIT
473,31,March,2024,31-Mar-24,Williams,Indiana,Snacks,"£4,900",6,"£4,990","£29,940","£25,040",PROFIT
474,8,April,2025,08-Apr-25,Davis,California,Food,"£8,700",9,£120,"£1,080","-£7,620",LOSS
475,13,June,2025,13-Jun-25,Garcia,Indiana,Snacks,"£1,500",3,"£4,020","£12,060","£10,560",PROFIT
476,21,October,2025,21-Oct-25,Williams,California,Snacks,"£18,500",6,"£3,250","£19,500","£1,000",PROFIT
477,22,January,2024,22-Jan-24,Garcia,Virginia,Food,"£10,800",3,£850,"£2,550","-£8,250",LOSS
478,14,December,2023,14-Dec-23,Miller,California,Accessories,"£7,200",14,£960,"£13,440","£6,240",PROFIT
479,9,July,2023,09-Jul-23,Johnson,Virginia,Clothing,"£9,900",13,"£2,790","£36,270","£26,370",PROFIT
480,19,May,2024,19-May-24,Smith,California,Snacks,"£16,000",1,"£2,340","£2,340","-£13,660",LOSS
481,3,April,2025,03-Apr-25,Davis,Virginia,Accessories,"£6,900",14,£270,"£3,780","-£3,120",LOSS
482,17,July,2025,17-Jul-25,Johnson,Virginia,Snacks,"£5,300",13,"£1,220","£15,860","£10,560",PROFIT
483,22,July,2025,22-Jul-25,Miller,Texas,Snacks,"£17,900",12,"£2,600","£31,200","£13,300",PROFIT
484,14,May,2023,14-May-23,Brown,Virginia,Clothing,"£5,600",5,"£2,420","£12,100","£6,500",PROFIT
485,27,February,2023,27-Feb-23,Brown,Texas,Snacks,"£10,600",10,"£3,380","£33,800","£23,200",PROFIT
486,15,November,2024,15-Nov-24,Miller,Virginia,Clothing,"£18,600",14,"£2,880","£40,320","£21,720",PROFIT
487,2,November,2024,02-Nov-24,Garcia,Indiana,Clothing,"£19,200",13,"£2,110","£27,430","£8,230",PROFIT
488,22,June,2023,22-Jun-23,Jones,Virginia,Clothing,"£6,100",11,£920,"£10,120","£4,020",PROFIT
489,25,March,2025,25-Mar-25,Jones,Indiana,Accessories,"£5,100",4,"£1,340","£5,360",£260,PROFIT
490,21,March,2023,21-Mar-23,Garcia,Indiana,Food,"£16,300",7,"£1,840","£12,880","-£3,420",LOSS
491,4,June,2025,04-Jun-25,Brown,Virginia,Accessories,"£17,800",6,£780,"£4,680","-£13,120",LOSS
492,22,July,2023,22-Jul-23,Brown,Indiana,Food,"£3,000",10,£560,"£5,600","£2,600",PROFIT
493,2,February,2025,02-Feb-25,Davis,Texas,Food,"£11,800",7,"£3,810","£26,670","£14,870",PROFIT
494,16,February,2023,16-Feb-23,Brown,California,Clothing,£900,5,"£2,650","£13,250","£12,350",PROFIT
495,17,October,2024,17-Oct-24,Johnson,Virginia,Snacks,"£8,800",4,"£2,240","£8,960",£160,PROFIT
496,15,April,2024,15-Apr-24,Brown,Indiana,Clothing,"£5,600",7,£390,"£2,730","-£2,870",LOSS
497,28,August,2025,28-Aug-25,Williams,Virginia,Snacks,"£10,900",7,"£2,900","£20,300","£9,400",PROFIT
498,1,November,2025,01-Nov-25,Davis,Texas,Food,"£5,800",6,"£4,210","£25,260","£19,460",PROFIT
499,5,January,2025,05-Jan-25,Smith,Virginia,Clothing,"£16,500",8,"£4,910","£39,280","£22,780",PROFIT
500,22,February,2025,22-Feb-25,Brown,Virginia,Snacks,"£18,200",4,"£2,460","£9,840","-£8,360",LOSS
501,25,August,2025,25-Aug-25,Garcia,Indiana,Accessories,"£17,000",10,"£2,570","£25,700","£8,700",PROFIT
502,24,December,2023,24-Dec-23,Smith,Texas,Snacks,"£15,900",5,"£3,770","£18,850","£2,950",PROFIT
503,29,August,2025,29-Aug-25,Johnson,California,Clothing,"£1,900",4,£340,"£1,360",-£540,LOSS
504,29,October,2024,29-Oct-24,Garcia,California,Accessories,"£6,500",12,£830,"£9,960","£3,460",PROFIT
505,8,January,2024,08-Jan-24,Smith,Indiana,Snacks,"£12,600",1,"£2,150","£2,150","-£10,450",LOSS
506,28,October,2025,28-Oct-25,Garcia,Virginia,Snacks,"£2,500",12,"£4,990","£59,880","£57,380",PROFIT
507,6,November,2024,06-Nov-24,Johnson,Indiana,Snacks,"£5,000",8,"£3,230","£25,840","£20,840",PROFIT
508,31,March,2023,31-Mar-23,Davis,Indiana,Snacks,"£13,800",1,"£1,030","£1,030","-£12,770",LOSS
509,28,November,2024,28-Nov-24,Williams,Indiana,Snacks,"£4,200",5,"£3,840","£19,200","£15,000",PROFIT
510,23,June,2024,23-Jun-24,Johnson,Virginia,Accessories,"£6,600",6,"£1,360","£8,160","£1,560",PROFIT
511,1,January,2025,01-Jan-25,Johnson,Texas,Food,"£9,000",6,"£4,340","£26,040","£17,040",PROFIT
512,18,May,2025,18-May-25,Garcia,Indiana,Accessories,"£19,400",13,£340,"£4,420","-£14,980",LOSS
513,10,February,2023,10-Feb-23,Davis,Virginia,Accessories,"£8,200",5,"£3,430","£17,150","£8,950",PROFIT
514,9,January,2025,09-Jan-25,Miller,Texas,Accessories,"£5,000",3,"£3,640","£10,920","£5,920",PROFIT
515,16,May,2024,16-May-24,Jones,Indiana,Food,"£14,500",5,"£1,250","£6,250","-£8,250",LOSS
516,16,August,2025,16-Aug-25,Brown,California,Clothing,£700,12,£570,"£6,840","£6,140",PROFIT
517,17,July,2025,17-Jul-25,Brown,Texas,Food,"£1,000",8,"£2,350","£18,800","£17,800",PROFIT
518,5,April,2024,05-Apr-24,Williams,Indiana,Accessories,"£9,700",14,"£2,750","£38,500","£28,800",PROFIT
519,1,January,2025,01-Jan-25,Williams,Texas,Snacks,"£1,200",2,"£1,080","£2,160",£960,PROFIT
520,21,January,2025,21-Jan-25,Brown,Texas,Snacks,"£17,600",6,"£4,680","£28,080","£10,480",PROFIT
521,13,July,2025,13-Jul-25,Jones,Texas,Accessories,"£11,200",9,£200,"£1,800","-£9,400",LOSS
522,27,June,2025,27-Jun-25,Brown,Texas,Snacks,"£16,500",8,£940,"£7,520","-£8,980",LOSS
523,25,January,2024,25-Jan-24,Miller,Texas,Accessories,"£7,900",14,"£4,140","£57,960","£50,060",PROFIT
524,1,June,2025,01-Jun-25,Jones,Texas,Snacks,"£8,100",11,"£2,230","£24,530","£16,430",PROFIT
525,13,September,2023,13-Sep-23,Williams,Indiana,Food,"£5,400",8,"£1,820","£14,560","£9,160",PROFIT
526,9,December,2024,09-Dec-24,Smith,California,Clothing,"£1,500",8,"£4,000","£32,000","£30,500",PROFIT
527,25,March,2024,25-Mar-24,Garcia,Virginia,Clothing,"£9,900",13,"£2,180","£28,340","£18,440",PROFIT
528,10,January,2023,10-Jan-23,Miller,Texas,Food,"£16,000",7,"£4,570","£31,990","£15,990",PROFIT
529,3,April,2025,03-Apr-25,Miller,Virginia,Food,"£7,400",8,"£3,910","£31,280","£23,880",PROFIT
530,8,March,2025,08-Mar-25,Davis,Indiana,Accessories,"£17,300",13,£730,"£9,490","-£7,810",LOSS
531,26,May,2025,26-May-25,Williams,Texas,Accessories,"£2,000",6,"£2,670","£16,020","£14,020",PROFIT
532,25,October,2025,25-Oct-25,Williams,California,Accessories,"£7,200",2,"£3,410","£6,820",-£380,LOSS
533,12,October,2025,12-Oct-25,Johnson,Virginia,Snacks,"£10,300",2,"£1,300","£2,600","-£7,700",LOSS
534,9,January,2024,09-Jan-24,Miller,Texas,Accessories,"£5,200",8,"£3,070","£24,560","£19,360",PROFIT
535,24,December,2025,24-Dec-25,Johnson,Indiana,Food,"£18,800",11,"£4,750","£52,250","£33,450",PROFIT
536,26,May,2023,26-May-23,Johnson,California,Clothing,"£6,800",1,£630,£630,"-£6,170",LOSS
537,12,August,2023,12-Aug-23,Garcia,Virginia,Snacks,"£19,100",6,"£3,400","£20,400","£1,300",PROFIT
538,26,June,2023,26-Jun-23,Johnson,Virginia,Accessories,"£9,400",13,"£2,810","£36,530","£27,130",PROFIT
539,2,May,2025,02-May-25,Jones,Texas,Snacks,"£19,400",6,"£2,500","£15,000","-£4,400",LOSS
540,4,March,2023,04-Mar-23,Brown,California,Snacks,"£8,000",11,"£2,520","£27,720","£19,720",PROFIT
541,6,April,2025,06-Apr-25,Smith,California,Accessories,"£14,300",4,£270,"£1,080","-£13,220",LOSS
542,5,March,2025,05-Mar-25,Williams,California,Snacks,"£10,500",12,"£4,920","£59,040","£48,540",PROFIT
543,19,November,2024,19-Nov-24,Jones,California,Clothing,"£9,300",11,"£1,960","£21,560","£12,260",PROFIT
544,15,April,2023,15-Apr-23,Smith,Indiana,Food,"£2,200",13,"£3,550","£46,150","£43,950",PROFIT
545,25,May,2024,25-May-24,Miller,California,Food,"£2,300",11,"£1,530","£16,830","£14,530",PROFIT
546,20,January,2024,20-Jan-24,Miller,Virginia,Clothing,"£5,900",13,"£2,710","£35,230","£29,330",PROFIT
547,9,February,2024,09-Feb-24,Miller,Virginia,Snacks,"£10,600",10,"£4,500","£45,000","£34,400",PROFIT
548,2,April,2025,02-Apr-25,Jones,Indiana,Accessories,"£12,200",3,"£3,730","£11,190","-£1,010",LOSS
549,1,June,2024,01-Jun-24,Jones,Virginia,Snacks,"£15,800",13,"£4,400","£57,200","£41,400",PROFIT
550,20,April,2024,20-Apr-24,Williams,Virginia,Clothing,"£13,800",11,"£2,480","£27,280","£13,480",PROFIT
551,9,December,2024,09-Dec-24,Brown,California,Snacks,£800,3,"£3,130","£9,390","£8,590",PROFIT
552,9,February,2025,09-Feb-25,Davis,Virginia,Food,"£11,200",13,"£3,070","£39,910","£28,710",PROFIT
553,12,November,2025,12-Nov-25,Johnson,Indiana,Snacks,"£11,900",13,£850,"£11,050",-£850,LOSS
554,23,September,2025,23-Sep-25,Miller,California,Clothing,"£3,300",1,"£1,970","£1,970","-£1,330",LOSS
555,7,November,2024,07-Nov-24,Garcia,Texas,Food,"£6,300",3,"£3,420","£10,260","£3,960",PROFIT
556,14,December,2024,14-Dec-24,Brown,California,Snacks,"£12,900",4,"£3,970","£15,880","£2,980",PROFIT
557,24,March,2023,24-Mar-23,Garcia,Indiana,Snacks,"£10,200",11,"£4,960","£54,560","£44,360",PROFIT
558,1,April,2024,01-Apr-24,Williams,California,Food,"£2,100",11,"£2,550","£28,050","£25,950",PROFIT
559,1,January,2023,01-Jan-23,Williams,California,Accessories,"£11,100",5,"£1,390","£6,950","-£4,150",LOSS
560,20,February,2023,20-Feb-23,Williams,Indiana,Food,"£4,700",3,"£4,830","£14,490","£9,790",PROFIT
561,15,November,2024,15-Nov-24,Smith,California,Accessories,"£8,400",6,"£3,240","£19,440","£11,040",PROFIT
562,17,December,2024,17-Dec-24,Garcia,Indiana,Clothing,"£19,800",11,"£4,200","£46,200","£26,400",PROFIT
563,24,March,2024,24-Mar-24,Brown,Indiana,Clothing,"£16,600",14,"£2,920","£40,880","£24,280",PROFIT
564,30,May,2025,30-May-25,Davis,Texas,Food,"£1,200",12,£880,"£10,560","£9,360",PROFIT
565,2,May,2024,02-May-24,Brown,Virginia,Food,"£14,500",5,£810,"£4,050","-£10,450",LOSS
566,3,February,2023,03-Feb-23,Jones,Virginia,Clothing,"£11,000",3,"£2,720","£8,160","-£2,840",LOSS
567,5,April,2023,05-Apr-23,Jones,California,Accessories,"£1,200",6,"£2,000","£12,000","£10,800",PROFIT
568,31,December,2025,31-Dec-25,Miller,California,Clothing,"£10,000",6,"£3,760","£22,560","£12,560",PROFIT
569,3,June,2023,03-Jun-23,Davis,Texas,Food,"£9,800",14,"£3,840","£53,760","£43,960",PROFIT
570,7,September,2023,07-Sep-23,Jones,Texas,Clothing,"£6,900",8,"£4,390","£35,120","£28,220",PROFIT
571,4,November,2024,04-Nov-24,Williams,Texas,Food,"£17,500",2,£720,"£1,440","-£16,060",LOSS
572,13,March,2024,13-Mar-24,Brown,Indiana,Food,"£4,300",1,"£4,970","£4,970",£670,PROFIT
573,28,April,2023,28-Apr-23,Garcia,Texas,Clothing,"£8,500",4,"£3,890","£15,560","£7,060",PROFIT
574,9,February,2025,09-Feb-25,Williams,Texas,Accessories,"£19,100",7,£210,"£1,470","-£17,630",LOSS
575,25,September,2023,25-Sep-23,Smith,California,Snacks,"£8,800",11,"£1,500","£16,500","£7,700",PROFIT
576,13,December,2025,13-Dec-25,Jones,Texas,Clothing,"£9,200",10,"£2,630","£26,300","£17,100",PROFIT
577,24,August,2023,24-Aug-23,Williams,Indiana,Snacks,"£9,000",3,£520,"£1,560","-£7,440",LOSS
578,24,January,2024,24-Jan-24,Williams,Indiana,Clothing,"£9,700",3,£260,£780,"-£8,920",LOSS
579,16,September,2025,16-Sep-25,Smith,California,Snacks,"£9,000",5,£720,"£3,600","-£5,400",LOSS
580,1,February,2025,01-Feb-25,Johnson,Texas,Accessories,"£4,800",5,"£2,620","£13,100","£8,300",PROFIT
581,5,February,2024,05-Feb-24,Brown,Texas,Accessories,"£14,100",13,"£4,740","£61,620","£47,520",PROFIT
582,15,September,2024,15-Sep-24,Garcia,Indiana,Clothing,"£16,900",10,"£3,850","£38,500","£21,600",PROFIT
583,5,February,2025,05-Feb-25,Miller,Texas,Food,"£7,800",3,"£3,010","£9,030","£1,230",PROFIT
584,7,July,2025,07-Jul-25,Johnson,Texas,Snacks,"£4,000",9,"£4,780","£43,020","£39,020",PROFIT
585,2,May,2025,02-May-25,Jones,Texas,Food,"£10,500",4,£170,£680,"-£9,820",LOSS
586,31,July,2024,31-Jul-24,Williams,Virginia,Food,"£16,000",13,"£3,340","£43,420","£27,420",PROFIT
587,16,March,2023,16-Mar-23,Davis,California,Food,"£17,400",13,£990,"£12,870","-£4,530",LOSS
588,10,March,2024,10-Mar-24,Smith,Virginia,Accessories,"£17,500",3,"£2,170","£6,510","-£10,990",LOSS
589,13,April,2023,13-Apr-23,Smith,California,Clothing,"£17,400",11,"£3,010","£33,110","£15,710",PROFIT
590,2,February,2025,02-Feb-25,Davis,Indiana,Clothing,"£10,800",2,"£2,930","£5,860","-£4,940",LOSS
591,7,January,2025,07-Jan-25,Brown,Texas,Accessories,"£7,000",10,"£1,270","£12,700","£5,700",PROFIT
592,16,March,2025,16-Mar-25,Johnson,California,Accessories,"£5,900",13,"£3,580","£46,540","£40,640",PROFIT
593,8,April,2023,08-Apr-23,Miller,Virginia,Clothing,"£18,000",11,"£1,840","£20,240","£2,240",PROFIT
594,8,March,2025,08-Mar-25,Brown,Texas,Food,"£9,500",9,£850,"£7,650","-£1,850",LOSS
595,8,May,2025,08-May-25,Davis,Indiana,Snacks,"£2,600",4,"£1,100","£4,400","£1,800",PROFIT
596,10,March,2024,10-Mar-24,Williams,California,Snacks,"£10,500",3,"£4,230","£12,690","£2,190",PROFIT
597,22,March,2024,22-Mar-24,Davis,California,Snacks,"£15,900",7,"£1,600","£11,200","-£4,700",LOSS
598,6,September,2023,06-Sep-23,Brown,California,Food,"£12,500",8,"£4,090","£32,720","£20,220",PROFIT
599,15,June,2023,15-Jun-23,Garcia,Texas,Clothing,"£9,700",11,"£2,790","£30,690","£20,990",PROFIT
600,10,September,2025,10-Sep-25,Smith,Virginia,Accessories,"£19,900",14,"£4,670","£65,380","£45,480",PROFIT
601,16,October,2025,16-Oct-25,Smith,Virginia,Clothing,"£11,200",2,£800,"£1,600","-£9,600",LOSS
602,25,June,2024,25-Jun-24,Jones,California,Food,"£14,500",7,"£1,890","£13,230","-£1,270",LOSS
603,28,January,2025,28-Jan-25,Jones,Indiana,Accessories,"£17,700",12,"£1,330","£15,960","-£1,740",LOSS
604,22,March,2023,22-Mar-23,Davis,Indiana,Food,"£1,400",5,"£3,900","£19,500","£18,100",PROFIT
605,13,May,2023,13-May-23,Miller,Virginia,Snacks,"£1,300",11,"£3,020","£33,220","£31,920",PROFIT
606,7,March,2025,07-Mar-25,Williams,Indiana,Snacks,"£18,600",5,"£2,940","£14,700","-£3,900",LOSS
607,18,June,2025,18-Jun-25,Garcia,Virginia,Food,"£15,900",3,"£2,040","£6,120","-£9,780",LOSS
608,18,May,2023,18-May-23,Johnson,California,Accessories,"£3,800",5,"£4,080","£20,400","£16,600",PROFIT
609,3,July,2023,03-Jul-23,Brown,Virginia,Accessories,"£13,300",12,"£2,370","£28,440","£15,140",PROFIT
610,23,February,2025,23-Feb-25,Miller,Virginia,Clothing,"£16,400",2,"£4,400","£8,800","-£7,600",LOSS
611,10,September,2025,10-Sep-25,Williams,California,Snacks,"£9,300",4,"£4,390","£17,560","£8,260",PROFIT
612,10,March,2023,10-Mar-23,Jones,Indiana,Clothing,"£9,700",6,"£4,450","£26,700","£17,000",PROFIT
613,29,June,2024,29-Jun-24,Davis,Virginia,Clothing,"£7,500",1,"£2,840","£2,840","-£4,660",LOSS
614,22,February,2023,22-Feb-23,Brown,Virginia,Food,"£7,100",10,"£4,700","£47,000","£39,900",PROFIT
615,24,July,2023,24-Jul-23,Jones,California,Food,"£15,200",4,"£1,150","£4,600","-£10,600",LOSS
616,6,May,2023,06-May-23,Davis,Indiana,Clothing,"£12,100",6,£300,"£1,800","-£10,300",LOSS
617,12,February,2023,12-Feb-23,Brown,Virginia,Snacks,"£9,800",9,£730,"£6,570","-£3,230",LOSS
618,21,April,2023,21-Apr-23,Johnson,California,Food,"£16,700",14,"£1,740","£24,360","£7,660",PROFIT
619,30,January,2025,30-Jan-25,Williams,Virginia,Clothing,"£10,300",11,£360,"£3,960","-£6,340",LOSS
620,27,April,2025,27-Apr-25,Brown,Texas,Clothing,"£11,700",11,"£3,200","£35,200","£23,500",PROFIT
621,5,April,2023,05-Apr-23,Garcia,California,Clothing,"£10,700",13,"£2,940","£38,220","£27,520",PROFIT
622,18,June,2025,18-Jun-25,Miller,Indiana,Clothing,"£9,500",2,"£1,570","£3,140","-£6,360",LOSS
623,26,December,2023,26-Dec-23,Smith,Indiana,Clothing,"£9,400",11,"£2,900","£31,900","£22,500",PROFIT
624,18,June,2025,18-Jun-25,Garcia,Indiana,Clothing,"£2,100",7,"£3,350","£23,450","£21,350",PROFIT
625,8,October,2023,08-Oct-23,Garcia,Indiana,Food,"£2,200",6,"£3,280","£19,680","£17,480",PROFIT
626,28,October,2024,28-Oct-24,Miller,Virginia,Snacks,"£17,700",2,"£1,730","£3,460","-£14,240",LOSS
627,3,April,2023,03-Apr-23,Smith,Virginia,Clothing,"£12,000",8,"£3,950","£31,600","£19,600",PROFIT
628,2,November,2024,02-Nov-24,Garcia,Indiana,Accessories,"£9,700",7,"£4,150","£29,050","£19,350",PROFIT
629,2,March,2023,02-Mar-23,Brown,Indiana,Food,"£18,500",11,"£2,330","£25,630","£7,130",PROFIT
630,25,September,2024,25-Sep-24,Brown,Indiana,Food,"£9,500",5,"£2,810","£14,050","£4,550",PROFIT
631,10,December,2025,10-Dec-25,Brown,Virginia,Clothing,"£8,600",12,"£1,550","£18,600","£10,000",PROFIT
632,25,October,2025,25-Oct-25,Smith,Indiana,Food,"£7,200",5,"£4,620","£23,100","£15,900",PROFIT
633,26,August,2024,26-Aug-24,Garcia,Indiana,Clothing,"£19,700",7,"£4,470","£31,290","£11,590",PROFIT
634,12,November,2024,12-Nov-24,Davis,Texas,Snacks,"£11,800",9,"£3,650","£32,850","£21,050",PROFIT
635,17,June,2024,17-Jun-24,Smith,Texas,Snacks,£500,11,£390,"£4,290","£3,790",PROFIT
636,17,April,2025,17-Apr-25,Brown,Indiana,Food,"£6,200",9,£540,"£4,860","-£1,340",LOSS
637,6,October,2024,06-Oct-24,Miller,California,Food,"£15,800",9,"£2,840","£25,560","£9,760",PROFIT
638,21,August,2023,21-Aug-23,Garcia,Indiana,Accessories,"£11,300",6,"£4,800","£28,800","£17,500",PROFIT
639,7,June,2024,07-Jun-24,Garcia,Texas,Food,"£15,200",10,£430,"£4,300","-£10,900",LOSS
640,12,December,2023,12-Dec-23,Jones,California,Accessories,"£12,000",6,"£1,500","£9,000","-£3,000",LOSS
641,5,December,2025,05-Dec-25,Jones,California,Snacks,"£9,100",3,"£4,360","£13,080","£3,980",PROFIT
642,29,June,2024,29-Jun-24,Johnson,Indiana,Snacks,"£1,400",1,"£3,270","£3,270","£1,870",PROFIT
643,4,March,2025,04-Mar-25,Davis,Texas,Clothing,"£6,300",7,"£3,830","£26,810","£20,510",PROFIT
644,6,September,2023,06-Sep-23,Davis,Texas,Snacks,"£4,500",4,"£2,300","£9,200","£4,700",PROFIT
645,16,February,2023,16-Feb-23,Williams,California,Accessories,"£10,900",1,"£3,650","£3,650","-£7,250",LOSS
646,2,August,2023,02-Aug-23,Davis,Indiana,Food,"£13,700",8,£310,"£2,480","-£11,220",LOSS
647,27,August,2023,27-Aug-23,Jones,Virginia,Clothing,"£12,600",12,"£1,890","£22,680","£10,080",PROFIT
648,15,December,2025,15-Dec-25,Smith,Virginia,Accessories,"£19,700",6,"£4,450","£26,700","£7,000",PROFIT
649,16,December,2023,16-Dec-23,Davis,Texas,Food,"£14,900",6,"£3,760","£22,560","£7,660",PROFIT
650,17,April,2023,17-Apr-23,Jones,Virginia,Clothing,"£2,600",2,"£4,290","£8,580","£5,980",PROFIT
651,10,April,2025,10-Apr-25,Johnson,Texas,Snacks,"£10,200",1,"£3,380","£3,380","-£6,820",LOSS
652,17,February,2023,17-Feb-23,Garcia,Texas,Accessories,"£17,300",13,"£2,400","£31,200","£13,900",PROFIT
653,3,December,2023,03-Dec-23,Davis,Texas,Food,"£7,200",14,"£4,120","£57,680","£50,480",PROFIT
654,15,November,2025,15-Nov-25,Johnson,Virginia,Clothing,"£14,300",14,£470,"£6,580","-£7,720",LOSS
655,14,March,2025,14-Mar-25,Garcia,Texas,Clothing,"£6,000",2,£790,"£1,580","-£4,420",LOSS
656,8,January,2023,08-Jan-23,Miller,California,Snacks,"£18,300",4,"£1,250","£5,000","-£13,300",LOSS
657,16,September,2024,16-Sep-24,Miller,Indiana,Food,"£15,300",2,"£2,480","£4,960","-£10,340",LOSS
658,19,December,2024,19-Dec-24,Garcia,Indiana,Snacks,"£10,300",1,"£3,440","£3,440","-£6,860",LOSS
659,30,October,2023,30-Oct-23,Davis,Texas,Snacks,"£8,000",7,"£4,500","£31,500","£23,500",PROFIT
660,30,September,2024,30-Sep-24,Williams,Indiana,Food,"£3,000",11,"£1,570","£17,270","£14,270",PROFIT
661,25,February,2023,25-Feb-23,Jones,Virginia,Food,"£11,900",11,£180,"£1,980","-£9,920",LOSS
662,26,December,2024,26-Dec-24,Smith,Virginia,Food,"£15,100",12,"£2,970","£35,640","£20,540",PROFIT
663,9,June,2024,09-Jun-24,Smith,Indiana,Accessories,"£11,300",8,"£3,970","£31,760","£20,460",PROFIT
664,18,April,2024,18-Apr-24,Brown,Virginia,Food,"£19,200",6,£590,"£3,540","-£15,660",LOSS
665,28,January,2023,28-Jan-23,Garcia,Indiana,Clothing,"£5,100",4,"£3,470","£13,880","£8,780",PROFIT
666,19,March,2023,19-Mar-23,Smith,Indiana,Snacks,"£7,500",14,£140,"£1,960","-£5,540",LOSS
667,31,December,2023,31-Dec-23,Davis,Indiana,Accessories,"£15,800",6,"£4,130","£24,780","£8,980",PROFIT
668,27,October,2024,27-Oct-24,Williams,Texas,Food,"£4,400",3,"£3,520","£10,560","£6,160",PROFIT
669,9,June,2024,09-Jun-24,Garcia,Indiana,Accessories,"£13,700",12,"£1,350","£16,200","£2,500",PROFIT
670,29,November,2024,29-Nov-24,Williams,Texas,Food,"£15,300",8,£840,"£6,720","-£8,580",LOSS
671,1,June,2025,01-Jun-25,Davis,Indiana,Accessories,"£13,600",10,"£1,740","£17,400","£3,800",PROFIT
672,27,October,2025,27-Oct-25,Smith,Indiana,Snacks,"£2,700",14,"£2,870","£40,180","£37,480",PROFIT
673,23,October,2025,23-Oct-25,Smith,Indiana,Snacks,"£11,000",13,"£4,510","£58,630","£47,630",PROFIT
674,7,July,2025,07-Jul-25,Brown,Virginia,Clothing,"£8,800",13,"£3,330","£43,290","£34,490",PROFIT
675,19,January,2025,19-Jan-25,Smith,Texas,Clothing,"£14,700",2,"£4,860","£9,720","-£4,980",LOSS
676,29,December,2023,29-Dec-23,Garcia,Texas,Food,"£12,000",5,"£3,090","£15,450","£3,450",PROFIT
677,16,March,2025,16-Mar-25,Davis,Indiana,Snacks,"£11,300",1,"£2,990","£2,990","-£8,310",LOSS
678,8,January,2025,08-Jan-25,Miller,Indiana,Accessories,"£14,000",6,£860,"£5,160","-£8,840",LOSS
679,4,November,2025,04-Nov-25,Davis,Virginia,Accessories,"£4,500",2,"£3,070","£6,140","£1,640",PROFIT
680,29,April,2024,29-Apr-24,Garcia,Virginia,Accessories,"£11,600",4,"£1,460","£5,840","-£5,760",LOSS
681,28,January,2023,28-Jan-23,Garcia,Virginia,Clothing,"£15,100",6,"£1,150","£6,900","-£8,200",LOSS
682,14,December,2024,14-Dec-24,Brown,Texas,Accessories,"£11,600",10,"£1,040","£10,400","-£1,200",LOSS
683,28,November,2025,28-Nov-25,Brown,Texas,Clothing,"£10,700",11,"£1,440","£15,840","£5,140",PROFIT
684,27,March,2023,27-Mar-23,Smith,Texas,Clothing,"£5,000",8,£770,"£6,160","£1,160",PROFIT
685,6,May,2023,06-May-23,Johnson,Indiana,Food,"£16,000",12,"£1,560","£18,720","£2,720",PROFIT
686,22,March,2025,22-Mar-25,Davis,Texas,Accessories,"£7,200",8,"£4,990","£39,920","£32,720",PROFIT
687,20,June,2024,20-Jun-24,Davis,California,Accessories,"£12,600",11,"£4,870","£53,570","£40,970",PROFIT
688,25,May,2023,25-May-23,Johnson,California,Snacks,"£1,900",6,"£1,680","£10,080","£8,180",PROFIT
689,25,January,2023,25-Jan-23,Brown,Virginia,Food,"£16,900",4,"£3,930","£15,720","-£1,180",LOSS
690,8,March,2023,08-Mar-23,Smith,Texas,Snacks,"£13,300",8,"£1,720","£13,760",£460,PROFIT
691,21,August,2023,21-Aug-23,Johnson,California,Food,"£19,900",13,"£4,500","£58,500","£38,600",PROFIT
692,19,April,2023,19-Apr-23,Smith,Virginia,Accessories,"£11,500",8,"£3,500","£28,000","£16,500",PROFIT
693,21,April,2023,21-Apr-23,Smith,Texas,Clothing,"£2,800",10,"£1,980","£19,800","£17,000",PROFIT
694,16,August,2023,16-Aug-23,Smith,Indiana,Clothing,"£3,100",14,"£4,240","£59,360","£56,260",PROFIT
695,21,April,2023,21-Apr-23,Jones,California,Clothing,"£4,400",1,"£3,480","£3,480",-£920,LOSS
696,3,February,2023,03-Feb-23,Garcia,Indiana,Clothing,"£19,500",4,"£1,040","£4,160","-£15,340",LOSS
697,14,September,2024,14-Sep-24,Smith,Texas,Clothing,"£19,300",4,"£1,900","£7,600","-£11,700",LOSS
698,17,January,2025,17-Jan-25,Jones,California,Snacks,"£16,800",7,"£2,970","£20,790","£3,990",PROFIT
699,17,August,2024,17-Aug-24,Brown,Texas,Food,"£2,800",14,"£3,310","£46,340","£43,540",PROFIT
700,29,February,2024,29-Feb-24,Johnson,Indiana,Accessories,"£2,800",14,"£1,960","£27,440","£24,640",PROFIT
701,4,September,2024,04-Sep-24,Garcia,California,Snacks,£800,11,"£3,810","£41,910","£41,110",PROFIT
702,22,November,2024,22-Nov-24,Miller,Indiana,Food,"£7,100",7,"£1,470","£10,290","£3,190",PROFIT
703,11,November,2023,11-Nov-23,Johnson,Texas,Clothing,"£3,800",13,"£1,390","£18,070","£14,270",PROFIT
704,26,May,2025,26-May-25,Garcia,Texas,Food,"£18,900",11,"£2,030","£22,330","£3,430",PROFIT
705,23,October,2024,23-Oct-24,Miller,Indiana,Food,"£18,100",8,"£3,250","£26,000","£7,900",PROFIT
706,4,October,2023,04-Oct-23,Johnson,California,Clothing,"£18,500",11,"£4,810","£52,910","£34,410",PROFIT
707,15,September,2024,15-Sep-24,Garcia,Indiana,Clothing,"£12,000",5,"£2,820","£14,100","£2,100",PROFIT
708,30,May,2024,30-May-24,Johnson,Texas,Clothing,"£2,700",7,"£3,610","£25,270","£22,570",PROFIT
709,22,April,2025,22-Apr-25,Johnson,Indiana,Accessories,"£11,300",8,"£1,530","£12,240",£940,PROFIT
710,16,December,2023,16-Dec-23,Miller,Texas,Clothing,"£7,300",9,£250,"£2,250","-£5,050",LOSS
711,2,April,2025,02-Apr-25,Johnson,Indiana,Accessories,"£9,900",3,"£3,110","£9,330",-£570,LOSS
712,28,January,2025,28-Jan-25,Johnson,California,Clothing,"£18,500",3,"£4,320","£12,960","-£5,540",LOSS
713,17,June,2025,17-Jun-25,Miller,California,Accessories,"£6,600",4,"£2,540","£10,160","£3,560",PROFIT
714,31,August,2023,31-Aug-23,Brown,Indiana,Food,"£17,300",5,"£4,240","£21,200","£3,900",PROFIT
715,26,June,2024,26-Jun-24,Smith,Indiana,Snacks,"£6,100",10,"£1,160","£11,600","£5,500",PROFIT
716,29,November,2025,29-Nov-25,Davis,California,Food,"£19,200",1,£970,£970,"-£18,230",LOSS
717,17,August,2023,17-Aug-23,Williams,Texas,Food,"£5,800",7,"£1,380","£9,660","£3,860",PROFIT
718,1,July,2024,01-Jul-24,Jones,California,Clothing,"£7,400",9,"£4,040","£36,360","£28,960",PROFIT
719,8,July,2025,08-Jul-25,Williams,Texas,Accessories,"£10,500",8,"£3,840","£30,720","£20,220",PROFIT
720,6,January,2023,06-Jan-23,Williams,Indiana,Snacks,"£6,100",5,"£3,500","£17,500","£11,400",PROFIT
721,12,April,2024,12-Apr-24,Garcia,Indiana,Clothing,"£14,200",14,£130,"£1,820","-£12,380",LOSS
722,16,March,2023,16-Mar-23,Smith,Texas,Clothing,"£17,200",14,"£3,360","£47,040","£29,840",PROFIT
723,4,January,2023,04-Jan-23,Garcia,Indiana,Clothing,"£13,900",4,"£4,190","£16,760","£2,860",PROFIT
724,7,October,2024,07-Oct-24,Smith,Texas,Food,"£10,700",12,"£3,760","£45,120","£34,420",PROFIT
725,28,April,2023,28-Apr-23,Miller,Virginia,Accessories,"£17,000",7,"£3,150","£22,050","£5,050",PROFIT
726,30,May,2025,30-May-25,Miller,California,Accessories,"£8,900",5,"£4,050","£20,250","£11,350",PROFIT
727,18,May,2024,18-May-24,Davis,Virginia,Snacks,"£6,500",7,"£1,040","£7,280",£780,PROFIT
728,4,August,2025,04-Aug-25,Smith,Texas,Accessories,£700,12,"£2,180","£26,160","£25,460",PROFIT
729,27,July,2024,27-Jul-24,Johnson,California,Accessories,"£13,200",1,"£2,340","£2,340","-£10,860",LOSS
730,13,July,2023,13-Jul-23,Brown,Texas,Clothing,"£18,300",1,"£4,680","£4,680","-£13,620",LOSS
731,26,April,2025,26-Apr-25,Davis,California,Clothing,"£9,000",10,"£3,570","£35,700","£26,700",PROFIT
732,15,December,2024,15-Dec-24,Davis,California,Food,"£5,100",14,"£4,890","£68,460","£63,360",PROFIT
733,15,November,2025,15-Nov-25,Johnson,California,Clothing,"£8,000",13,"£3,300","£42,900","£34,900",PROFIT
734,22,June,2023,22-Jun-23,Brown,California,Clothing,"£4,200",3,£560,"£1,680","-£2,520",LOSS
735,22,November,2023,22-Nov-23,Garcia,Texas,Clothing,"£16,800",14,"£4,850","£67,900","£51,100",PROFIT
736,15,April,2025,15-Apr-25,Brown,California,Clothing,"£17,300",11,"£1,900","£20,900","£3,600",PROFIT
737,24,December,2024,24-Dec-24,Garcia,California,Food,"£14,500",2,"£1,150","£2,300","-£12,200",LOSS
738,13,August,2023,13-Aug-23,Miller,Virginia,Clothing,"£9,100",2,"£2,080","£4,160","-£4,940",LOSS
739,15,June,2024,15-Jun-24,Williams,Indiana,Snacks,"£6,200",7,"£3,950","£27,650","£21,450",PROFIT
740,23,April,2023,23-Apr-23,Miller,Indiana,Snacks,"£5,400",12,"£1,150","£13,800","£8,400",PROFIT
741,20,May,2023,20-May-23,Miller,Virginia,Snacks,"£3,400",10,"£2,890","£28,900","£25,500",PROFIT
742,12,July,2024,12-Jul-24,Williams,Virginia,Snacks,"£19,400",2,"£2,690","£5,380","-£14,020",LOSS
743,1,January,2023,01-Jan-23,Brown,Texas,Clothing,"£10,500",11,"£1,170","£12,870","£2,370",PROFIT
744,31,March,2023,31-Mar-23,Davis,Texas,Snacks,"£2,900",4,£280,"£1,120","-£1,780",LOSS
745,15,October,2024,15-Oct-24,Brown,Texas,Clothing,"£11,600",2,"£4,190","£8,380","-£3,220",LOSS
746,16,November,2023,16-Nov-23,Garcia,Virginia,Food,"£15,900",6,"£4,680","£28,080","£12,180",PROFIT
747,19,May,2023,19-May-23,Johnson,Virginia,Snacks,"£18,300",8,"£3,050","£24,400","£6,100",PROFIT
748,24,April,2025,24-Apr-25,Garcia,California,Accessories,"£18,900",10,"£3,150","£31,500","£12,600",PROFIT
749,16,September,2023,16-Sep-23,Johnson,Texas,Snacks,"£13,000",4,"£1,800","£7,200","-£5,800",LOSS
750,20,June,2025,20-Jun-25,Miller,Texas,Snacks,"£12,700",5,"£3,400","£17,000","£4,300",PROFIT
751,20,November,2024,20-Nov-24,Williams,Texas,Clothing,"£5,100",4,"£2,040","£8,160","£3,060",PROFIT
752,10,January,2023,10-Jan-23,Miller,Indiana,Snacks,"£12,200",3,£210,£630,"-£11,570",LOSS
753,18,September,2023,18-Sep-23,Smith,California,Accessories,"£4,300",5,"£2,040","£10,200","£5,900",PROFIT
754,21,June,2023,21-Jun-23,Brown,Texas,Clothing,"£2,000",14,"£4,990","£69,860","£67,860",PROFIT
755,16,June,2025,16-Jun-25,Johnson,Texas,Clothing,"£2,600",9,"£2,920","£26,280","£23,680",PROFIT
756,13,January,2023,13-Jan-23,Garcia,Texas,Food,"£5,800",8,"£3,780","£30,240","£24,440",PROFIT
757,17,November,2023,17-Nov-23,Williams,Indiana,Food,"£15,300",8,"£1,910","£15,280",-£20,LOSS
758,25,November,2023,25-Nov-23,Johnson,Indiana,Snacks,"£2,000",8,"£4,590","£36,720","£34,720",PROFIT
759,23,February,2025,23-Feb-25,Garcia,Virginia,Food,"£6,300",12,"£3,140","£37,680","£31,380",PROFIT
760,15,February,2025,15-Feb-25,Brown,California,Food,"£3,500",8,"£1,530","£12,240","£8,740",PROFIT
761,29,June,2025,29-Jun-25,Miller,Virginia,Food,"£17,400",7,"£3,950","£27,650","£10,250",PROFIT
762,14,November,2023,14-Nov-23,Brown,California,Clothing,"£3,600",8,"£3,250","£26,000","£22,400",PROFIT
763,24,August,2023,24-Aug-23,Jones,Indiana,Clothing,"£19,100",11,"£1,910","£21,010","£1,910",PROFIT
764,30,November,2023,30-Nov-23,Smith,Texas,Clothing,"£16,600",14,£390,"£5,460","-£11,140",LOSS
765,11,January,2024,11-Jan-24,Jones,Virginia,Food,"£1,300",8,£930,"£7,440","£6,140",PROFIT
766,10,August,2024,10-Aug-24,Williams,Texas,Clothing,"£14,300",13,"£1,750","£22,750","£8,450",PROFIT
767,27,May,2024,27-May-24,Johnson,Virginia,Food,"£1,400",14,"£2,930","£41,020","£39,620",PROFIT
768,6,July,2025,06-Jul-25,Williams,Indiana,Clothing,"£2,100",8,"£2,900","£23,200","£21,100",PROFIT
769,22,May,2025,22-May-25,Miller,Indiana,Clothing,"£7,200",12,"£1,050","£12,600","£5,400",PROFIT
770,27,September,2023,27-Sep-23,Garcia,Indiana,Accessories,"£5,200",10,"£3,900","£39,000","£33,800",PROFIT
771,8,March,2025,08-Mar-25,Brown,Virginia,Snacks,"£18,400",7,"£2,750","£19,250",£850,PROFIT
772,25,December,2024,25-Dec-24,Jones,California,Food,"£11,500",12,"£4,530","£54,360","£42,860",PROFIT
773,5,January,2023,05-Jan-23,Davis,Virginia,Accessories,"£15,700",1,"£3,070","£3,070","-£12,630",LOSS
774,30,April,2025,30-Apr-25,Jones,California,Clothing,"£12,700",4,"£3,050","£12,200",-£500,LOSS
775,19,March,2023,19-Mar-23,Miller,Virginia,Food,"£15,300",13,"£2,340","£30,420","£15,120",PROFIT
776,27,July,2024,27-Jul-24,Jones,Virginia,Clothing,"£10,500",13,"£3,420","£44,460","£33,960",PROFIT
777,12,May,2023,12-May-23,Miller,Indiana,Snacks,"£10,600",4,"£3,700","£14,800","£4,200",PROFIT
778,23,August,2024,23-Aug-24,Davis,Texas,Accessories,"£6,900",5,"£3,830","£19,150","£12,250",PROFIT
779,1,December,2025,01-Dec-25,Williams,Texas,Snacks,"£19,500",10,£510,"£5,100","-£14,400",LOSS
780,30,March,2023,30-Mar-23,Brown,California,Accessories,"£5,500",6,"£3,120","£18,720","£13,220",PROFIT
781,6,February,2024,06-Feb-24,Johnson,Texas,Clothing,"£4,000",4,"£4,300","£17,200","£13,200",PROFIT
782,23,October,2023,23-Oct-23,Garcia,Virginia,Snacks,"£8,500",2,"£2,550","£5,100","-£3,400",LOSS
783,7,September,2024,07-Sep-24,Johnson,Virginia,Snacks,"£13,100",6,"£2,170","£13,020",-£80,LOSS
784,10,March,2025,10-Mar-25,Williams,Indiana,Clothing,"£9,200",8,"£2,460","£19,680","£10,480",PROFIT
785,26,February,2024,26-Feb-24,Garcia,Indiana,Snacks,"£19,800",8,£310,"£2,480","-£17,320",LOSS
786,12,November,2025,12-Nov-25,Jones,Texas,Food,"£10,800",7,"£1,940","£13,580","£2,780",PROFIT
787,28,July,2024,28-Jul-24,Davis,California,Accessories,"£1,900",6,"£4,770","£28,620","£26,720",PROFIT
788,23,May,2023,23-May-23,Davis,Texas,Accessories,"£10,000",2,"£2,510","£5,020","-£4,980",LOSS
789,19,September,2025,19-Sep-25,Smith,Texas,Accessories,"£17,100",7,"£3,720","£26,040","£8,940",PROFIT
790,26,October,2024,26-Oct-24,Williams,Texas,Food,"£12,700",11,"£2,920","£32,120","£19,420",PROFIT
791,25,May,2023,25-May-23,Williams,Texas,Accessories,£500,12,£500,"£6,000","£5,500",PROFIT
792,3,October,2025,03-Oct-25,Brown,Virginia,Clothing,"£15,500",14,"£3,450","£48,300","£32,800",PROFIT
793,17,May,2024,17-May-24,Johnson,California,Snacks,"£12,600",14,"£1,710","£23,940","£11,340",PROFIT
794,31,March,2025,31-Mar-25,Williams,Virginia,Food,"£17,100",5,"£1,690","£8,450","-£8,650",LOSS
795,14,April,2023,14-Apr-23,Williams,California,Accessories,"£13,000",6,"£4,830","£28,980","£15,980",PROFIT
796,28,November,2025,28-Nov-25,Jones,Indiana,Clothing,"£6,100",10,£980,"£9,800","£3,700",PROFIT
797,17,July,2023,17-Jul-23,Jones,Texas,Snacks,"£8,500",8,"£3,310","£26,480","£17,980",PROFIT
798,1,August,2024,01-Aug-24,Garcia,Virginia,Snacks,"£16,600",14,£210,"£2,940","-£13,660",LOSS
799,26,January,2024,26-Jan-24,Miller,California,Food,"£17,300",8,"£4,330","£34,640","£17,340",PROFIT
800,7,July,2024,07-Jul-24,Miller,Indiana,Food,"£7,700",3,£820,"£2,460","-£5,240",LOSS
801,4,November,2025,04-Nov-25,Smith,Indiana,Food,"£14,500",12,£850,"£10,200","-£4,300",LOSS
802,22,April,2024,22-Apr-24,Miller,Texas,Clothing,"£7,400",12,"£3,550","£42,600","£35,200",PROFIT
803,11,July,2025,11-Jul-25,Brown,California,Clothing,"£1,000",14,"£2,100","£29,400","£28,400",PROFIT
804,24,February,2024,24-Feb-24,Smith,Virginia,Food,"£8,800",7,£190,"£1,330","-£7,470",LOSS
805,6,June,2023,06-Jun-23,Garcia,Texas,Accessories,"£5,600",1,"£3,610","£3,610","-£1,990",LOSS
806,3,July,2024,03-Jul-24,Jones,Virginia,Snacks,£700,1,"£2,350","£2,350","£1,650",PROFIT
807,17,October,2025,17-Oct-25,Miller,Indiana,Snacks,"£8,500",7,"£1,850","£12,950","£4,450",PROFIT
808,23,September,2025,23-Sep-25,Johnson,Virginia,Clothing,"£6,700",10,"£2,850","£28,500","£21,800",PROFIT
809,8,August,2025,08-Aug-25,Jones,Virginia,Snacks,"£5,300",9,£480,"£4,320",-£980,LOSS
810,16,October,2023,16-Oct-23,Davis,Texas,Accessories,"£8,000",7,£690,"£4,830","-£3,170",LOSS
811,15,July,2023,15-Jul-23,Brown,Virginia,Snacks,"£11,600",10,£750,"£7,500","-£4,100",LOSS
812,20,August,2024,20-Aug-24,Jones,Texas,Clothing,"£17,900",5,"£3,300","£16,500","-£1,400",LOSS
813,31,May,2024,31-May-24,Brown,Indiana,Clothing,"£11,300",8,"£4,440","£35,520","£24,220",PROFIT
814,14,May,2025,14-May-25,Brown,Texas,Accessories,"£18,700",2,"£1,330","£2,660","-£16,040",LOSS
815,16,March,2025,16-Mar-25,Brown,Texas,Accessories,"£19,600",9,"£1,730","£15,570","-£4,030",LOSS
816,25,March,2025,25-Mar-25,Garcia,California,Snacks,"£6,900",6,"£4,170","£25,020","£18,120",PROFIT
817,16,August,2023,16-Aug-23,Brown,Virginia,Snacks,"£8,500",13,"£4,200","£54,600","£46,100",PROFIT
818,4,August,2023,04-Aug-23,Brown,Indiana,Clothing,"£19,900",9,"£3,950","£35,550","£15,650",PROFIT
819,5,August,2025,05-Aug-25,Davis,Texas,Accessories,"£1,900",2,"£1,680","£3,360","£1,460",PROFIT
820,15,January,2023,15-Jan-23,Johnson,Indiana,Accessories,"£10,400",3,£660,"£1,980","-£8,420",LOSS
821,16,February,2023,16-Feb-23,Smith,California,Accessories,"£3,600",12,£870,"£10,440","£6,840",PROFIT
822,20,November,2023,20-Nov-23,Williams,Virginia,Snacks,"£10,000",8,"£2,030","£16,240","£6,240",PROFIT
823,23,April,2025,23-Apr-25,Davis,Texas,Accessories,"£13,200",1,"£2,940","£2,940","-£10,260",LOSS
824,10,May,2023,10-May-23,Smith,Virginia,Clothing,"£15,000",10,£240,"£2,400","-£12,600",LOSS
825,5,April,2023,05-Apr-23,Brown,California,Clothing,"£11,700",7,£210,"£1,470","-£10,230",LOSS
826,18,September,2024,18-Sep-24,Johnson,California,Snacks,"£8,700",7,"£1,100","£7,700","-£1,000",LOSS
827,24,January,2025,24-Jan-25,Jones,Indiana,Food,"£4,700",13,"£1,650","£21,450","£16,750",PROFIT
828,4,March,2025,04-Mar-25,Johnson,Texas,Snacks,"£12,000",1,"£3,490","£3,490","-£8,510",LOSS
829,10,March,2023,10-Mar-23,Davis,Indiana,Food,"£16,700",9,"£1,340","£12,060","-£4,640",LOSS
830,11,January,2023,11-Jan-23,Brown,California,Accessories,"£8,200",8,"£3,680","£29,440","£21,240",PROFIT
831,21,May,2025,21-May-25,Johnson,Virginia,Snacks,"£6,200",4,"£2,890","£11,560","£5,360",PROFIT
832,3,July,2024,03-Jul-24,Miller,Indiana,Clothing,"£3,700",10,"£4,140","£41,400","£37,700",PROFIT
833,12,December,2024,12-Dec-24,Johnson,Indiana,Accessories,"£1,800",11,"£4,030","£44,330","£42,530",PROFIT
834,23,January,2023,23-Jan-23,Brown,Virginia,Clothing,"£16,600",5,"£1,190","£5,950","-£10,650",LOSS
835,25,March,2025,25-Mar-25,Garcia,Indiana,Accessories,"£19,300",2,"£3,430","£6,860","-£12,440",LOSS
836,12,December,2023,12-Dec-23,Miller,Virginia,Snacks,"£13,600",13,"£3,660","£47,580","£33,980",PROFIT
837,29,October,2023,29-Oct-23,Johnson,Texas,Food,"£6,300",9,"£1,550","£13,950","£7,650",PROFIT
838,29,December,2023,29-Dec-23,Williams,Virginia,Accessories,"£16,100",12,"£2,250","£27,000","£10,900",PROFIT
839,31,January,2024,31-Jan-24,Williams,Texas,Food,"£8,700",12,"£4,070","£48,840","£40,140",PROFIT
840,6,August,2023,06-Aug-23,Johnson,Virginia,Accessories,"£13,800",6,"£1,710","£10,260","-£3,540",LOSS
841,21,May,2023,21-May-23,Garcia,California,Clothing,"£12,500",3,"£1,370","£4,110","-£8,390",LOSS
842,15,August,2025,15-Aug-25,Jones,California,Clothing,"£18,100",12,"£3,230","£38,760","£20,660",PROFIT
843,11,September,2025,11-Sep-25,Brown,Texas,Accessories,"£17,200",7,"£3,410","£23,870","£6,670",PROFIT
844,19,September,2025,19-Sep-25,Williams,Texas,Food,"£8,700",9,"£1,590","£14,310","£5,610",PROFIT
845,7,April,2025,07-Apr-25,Jones,California,Snacks,"£19,700",3,"£4,630","£13,890","-£5,810",LOSS
846,13,November,2024,13-Nov-24,Johnson,Texas,Snacks,"£3,100",2,£450,£900,"-£2,200",LOSS
847,30,September,2025,30-Sep-25,Davis,Virginia,Clothing,"£8,400",7,"£1,820","£12,740","£4,340",PROFIT
848,22,December,2023,22-Dec-23,Jones,Virginia,Snacks,"£13,800",7,"£4,290","£30,030","£16,230",PROFIT
849,4,October,2025,04-Oct-25,Miller,California,Clothing,"£1,700",4,£310,"£1,240",-£460,LOSS
850,6,June,2025,06-Jun-25,Smith,Indiana,Snacks,"£6,800",11,"£2,150","£23,650","£16,850",PROFIT
851,7,May,2023,07-May-23,Williams,Virginia,Accessories,"£19,400",9,"£1,360","£12,240","-£7,160",LOSS
852,5,October,2025,05-Oct-25,Johnson,Texas,Clothing,"£15,100",14,"£3,450","£48,300","£33,200",PROFIT
853,26,August,2024,26-Aug-24,Davis,Indiana,Clothing,"£8,400",8,"£4,540","£36,320","£27,920",PROFIT
854,10,October,2025,10-Oct-25,Brown,Indiana,Accessories,"£12,700",13,"£3,650","£47,450","£34,750",PROFIT
855,20,February,2023,20-Feb-23,Davis,Virginia,Clothing,"£4,700",13,"£4,490","£58,370","£53,670",PROFIT
856,18,November,2025,18-Nov-25,Garcia,Virginia,Snacks,"£9,300",1,"£2,260","£2,260","-£7,040",LOSS
857,17,February,2025,17-Feb-25,Miller,Indiana,Snacks,"£15,200",1,"£1,050","£1,050","-£14,150",LOSS
858,24,March,2025,24-Mar-25,Johnson,Indiana,Clothing,"£9,900",5,"£4,260","£21,300","£11,400",PROFIT
859,24,February,2024,24-Feb-24,Brown,California,Snacks,"£17,600",6,"£4,380","£26,280","£8,680",PROFIT
860,9,September,2025,09-Sep-25,Garcia,Texas,Food,"£15,500",3,"£1,730","£5,190","-£10,310",LOSS
861,4,April,2025,04-Apr-25,Garcia,California,Clothing,£600,13,"£1,570","£20,410","£19,810",PROFIT
862,21,October,2025,21-Oct-25,Johnson,Virginia,Accessories,"£12,400",9,£270,"£2,430","-£9,970",LOSS
863,20,July,2024,20-Jul-24,Miller,California,Food,"£2,600",12,"£3,030","£36,360","£33,760",PROFIT
864,6,January,2024,06-Jan-24,Jones,California,Clothing,"£11,900",10,"£2,040","£20,400","£8,500",PROFIT
865,24,July,2025,24-Jul-25,Jones,California,Accessories,"£6,100",14,"£1,600","£22,400","£16,300",PROFIT
866,22,October,2024,22-Oct-24,Garcia,California,Snacks,"£7,600",6,"£4,890","£29,340","£21,740",PROFIT
867,26,August,2025,26-Aug-25,Jones,Texas,Accessories,"£1,100",4,"£3,740","£14,960","£13,860",PROFIT
868,21,July,2023,21-Jul-23,Smith,Texas,Food,"£18,800",12,"£1,320","£15,840","-£2,960",LOSS
869,9,November,2023,09-Nov-23,Garcia,Indiana,Snacks,"£12,300",7,"£4,090","£28,630","£16,330",PROFIT
870,27,April,2023,27-Apr-23,Garcia,Virginia,Clothing,"£19,900",8,"£1,960","£15,680","-£4,220",LOSS
871,25,July,2025,25-Jul-25,Brown,California,Snacks,"£11,800",9,"£4,620","£41,580","£29,780",PROFIT
872,28,July,2024,28-Jul-24,Jones,Indiana,Clothing,"£2,000",13,"£4,610","£59,930","£57,930",PROFIT
873,1,September,2023,01-Sep-23,Miller,Indiana,Clothing,"£8,700",11,"£1,580","£17,380","£8,680",PROFIT
874,20,June,2024,20-Jun-24,Garcia,Indiana,Accessories,"£18,300",6,"£1,130","£6,780","-£11,520",LOSS
875,16,March,2023,16-Mar-23,Davis,Texas,Accessories,"£7,600",6,"£2,520","£15,120","£7,520",PROFIT
876,21,January,2024,21-Jan-24,Miller,California,Accessories,"£12,800",8,"£4,710","£37,680","£24,880",PROFIT
877,19,April,2024,19-Apr-24,Smith,California,Food,"£11,700",12,"£2,400","£28,800","£17,100",PROFIT
878,22,February,2024,22-Feb-24,Brown,Virginia,Food,"£1,600",5,"£4,880","£24,400","£22,800",PROFIT
879,13,December,2023,13-Dec-23,Johnson,California,Accessories,"£13,000",14,"£2,150","£30,100","£17,100",PROFIT
880,1,October,2024,01-Oct-24,Miller,California,Food,"£5,700",3,"£2,070","£6,210",£510,PROFIT
881,27,July,2025,27-Jul-25,Garcia,Indiana,Snacks,"£7,900",12,"£4,050","£48,600","£40,700",PROFIT
882,12,August,2025,12-Aug-25,Smith,Virginia,Snacks,"£13,700",3,"£4,090","£12,270","-£1,430",LOSS
883,25,May,2025,25-May-25,Williams,California,Food,"£3,100",13,"£3,460","£44,980","£41,880",PROFIT
884,1,February,2025,01-Feb-25,Smith,Texas,Food,"£14,400",6,£960,"£5,760","-£8,640",LOSS
885,25,October,2024,25-Oct-24,Smith,California,Snacks,"£14,900",2,"£1,510","£3,020","-£11,880",LOSS
886,25,January,2023,25-Jan-23,Brown,Indiana,Clothing,"£13,800",6,"£3,260","£19,560","£5,760",PROFIT
887,10,December,2024,10-Dec-24,Johnson,Texas,Snacks,"£10,100",13,"£2,080","£27,040","£16,940",PROFIT
888,26,June,2023,26-Jun-23,Williams,Indiana,Snacks,£900,6,£550,"£3,300","£2,400",PROFIT
889,12,October,2023,12-Oct-23,Jones,California,Food,"£6,100",8,"£2,970","£23,760","£17,660",PROFIT
890,4,March,2023,04-Mar-23,Jones,Texas,Snacks,"£16,000",7,£240,"£1,680","-£14,320",LOSS
891,29,September,2025,29-Sep-25,Miller,Virginia,Food,"£8,200",8,£530,"£4,240","-£3,960",LOSS
892,23,October,2024,23-Oct-24,Smith,Virginia,Food,"£7,300",14,"£4,100","£57,400","£50,100",PROFIT
893,27,October,2024,27-Oct-24,Davis,Texas,Accessories,"£12,200",9,"£1,780","£16,020","£3,820",PROFIT
894,5,June,2023,05-Jun-23,Brown,Texas,Snacks,"£12,400",6,"£3,190","£19,140","£6,740",PROFIT
895,8,December,2025,08-Dec-25,Davis,Indiana,Clothing,"£6,300",14,£530,"£7,420","£1,120",PROFIT
896,24,August,2025,24-Aug-25,Brown,Texas,Accessories,"£3,700",3,"£1,070","£3,210",-£490,LOSS
897,28,April,2025,28-Apr-25,Jones,Indiana,Food,"£6,600",10,"£2,700","£27,000","£20,400",PROFIT
898,19,November,2024,19-Nov-24,Miller,California,Food,"£5,400",3,"£1,180","£3,540","-£1,860",LOSS
899,28,May,2023,28-May-23,Miller,Indiana,Clothing,"£11,600",11,"£2,920","£32,120","£20,520",PROFIT
900,8,December,2023,08-Dec-23,Miller,Texas,Food,"£2,300",12,"£3,810","£45,720","£43,420",PROFIT
901,20,April,2024,20-Apr-24,Williams,Texas,Snacks,"£12,700",1,"£3,520","£3,520","-£9,180",LOSS
902,22,December,2025,22-Dec-25,Johnson,California,Accessories,"£19,800",11,"£1,130","£12,430","-£7,370",LOSS
903,14,July,2024,14-Jul-24,Williams,Texas,Food,"£5,100",13,"£2,650","£34,450","£29,350",PROFIT
904,23,November,2023,23-Nov-23,Garcia,Texas,Food,"£17,100",5,"£3,880","£19,400","£2,300",PROFIT
905,16,September,2025,16-Sep-25,Garcia,Virginia,Clothing,"£3,700",14,"£2,150","£30,100","£26,400",PROFIT
906,3,August,2023,03-Aug-23,Davis,Virginia,Snacks,"£14,500",4,"£3,440","£13,760",-£740,LOSS
907,10,March,2024,10-Mar-24,Johnson,California,Food,"£8,800",9,£520,"£4,680","-£4,120",LOSS
908,9,August,2025,09-Aug-25,Jones,Indiana,Clothing,"£18,600",9,"£3,620","£32,580","£13,980",PROFIT
909,23,December,2024,23-Dec-24,Johnson,Virginia,Food,"£13,900",14,"£2,540","£35,560","£21,660",PROFIT
910,1,February,2023,01-Feb-23,Brown,Indiana,Clothing,"£8,300",5,"£2,960","£14,800","£6,500",PROFIT
911,31,October,2024,31-Oct-24,Garcia,Texas,Clothing,"£1,800",10,"£3,640","£36,400","£34,600",PROFIT
912,12,October,2023,12-Oct-23,Smith,Virginia,Snacks,"£15,100",4,"£2,820","£11,280","-£3,820",LOSS
913,4,March,2024,04-Mar-24,Smith,California,Food,"£13,200",7,"£4,850","£33,950","£20,750",PROFIT
914,13,October,2023,13-Oct-23,Jones,California,Snacks,"£5,800",6,£920,"£5,520",-£280,LOSS
915,8,November,2025,08-Nov-25,Brown,California,Clothing,"£15,200",4,"£1,190","£4,760","-£10,440",LOSS
916,18,January,2023,18-Jan-23,Davis,Virginia,Accessories,"£3,300",13,"£4,470","£58,110","£54,810",PROFIT
917,7,February,2025,07-Feb-25,Williams,Indiana,Food,"£2,800",13,"£1,990","£25,870","£23,070",PROFIT
918,12,August,2024,12-Aug-24,Brown,Texas,Accessories,"£8,600",10,"£4,800","£48,000","£39,400",PROFIT
919,6,October,2025,06-Oct-25,Smith,Indiana,Food,"£6,700",2,"£2,970","£5,940",-£760,LOSS
920,13,July,2023,13-Jul-23,Smith,Indiana,Snacks,"£10,900",1,"£4,330","£4,330","-£6,570",LOSS
921,16,May,2024,16-May-24,Davis,Texas,Snacks,"£6,100",4,"£4,060","£16,240","£10,140",PROFIT
922,14,September,2025,14-Sep-25,Garcia,Texas,Snacks,"£14,000",4,"£2,600","£10,400","-£3,600",LOSS
923,24,April,2023,24-Apr-23,Brown,Virginia,Snacks,"£6,600",13,"£2,210","£28,730","£22,130",PROFIT
924,4,August,2025,04-Aug-25,Brown,Virginia,Snacks,"£16,100",1,"£3,000","£3,000","-£13,100",LOSS
925,10,April,2025,10-Apr-25,Smith,Virginia,Accessories,"£2,100",6,"£1,420","£8,520","£6,420",PROFIT
926,13,July,2025,13-Jul-25,Williams,Virginia,Snacks,"£7,000",4,"£2,100","£8,400","£1,400",PROFIT
927,24,February,2023,24-Feb-23,Jones,Virginia,Clothing,"£1,000",1,"£2,940","£2,940","£1,940",PROFIT
928,10,March,2025,10-Mar-25,Miller,Texas,Clothing,"£6,200",1,"£3,350","£3,350","-£2,850",LOSS
929,16,February,2025,16-Feb-25,Jones,Indiana,Accessories,"£7,300",13,"£4,180","£54,340","£47,040",PROFIT
930,11,June,2023,11-Jun-23,Brown,Virginia,Food,"£16,000",1,"£1,040","£1,040","-£14,960",LOSS
931,28,March,2023,28-Mar-23,Jones,Virginia,Clothing,"£6,600",8,"£2,870","£22,960","£16,360",PROFIT
932,24,February,2023,24-Feb-23,Smith,Indiana,Food,"£17,300",10,"£4,590","£45,900","£28,600",PROFIT
933,28,October,2025,28-Oct-25,Smith,Virginia,Accessories,"£8,600",8,"£4,380","£35,040","£26,440",PROFIT
934,12,April,2025,12-Apr-25,Davis,Indiana,Food,"£17,300",2,"£3,340","£6,680","-£10,620",LOSS
935,9,November,2023,09-Nov-23,Brown,Indiana,Food,"£18,100",11,"£2,280","£25,080","£6,980",PROFIT
936,28,January,2025,28-Jan-25,Davis,Texas,Food,"£18,100",13,£980,"£12,740","-£5,360",LOSS
937,18,March,2024,18-Mar-24,Brown,California,Food,"£7,500",7,£810,"£5,670","-£1,830",LOSS
938,24,November,2023,24-Nov-23,Miller,Texas,Accessories,"£13,500",14,"£2,560","£35,840","£22,340",PROFIT
939,13,December,2025,13-Dec-25,Miller,California,Clothing,"£1,400",8,"£1,380","£11,040","£9,640",PROFIT
940,30,January,2025,30-Jan-25,Garcia,California,Snacks,"£10,200",8,"£2,210","£17,680","£7,480",PROFIT
941,1,August,2024,01-Aug-24,Brown,California,Food,"£9,300",11,"£4,370","£48,070","£38,770",PROFIT
942,10,December,2025,10-Dec-25,Williams,Virginia,Clothing,"£3,900",10,"£3,520","£35,200","£31,300",PROFIT
943,3,October,2025,03-Oct-25,Jones,Texas,Clothing,£600,11,"£1,050","£11,550","£10,950",PROFIT
944,6,April,2023,06-Apr-23,Brown,California,Accessories,"£12,800",13,£840,"£10,920","-£1,880",LOSS
945,24,March,2025,24-Mar-25,Johnson,Indiana,Clothing,"£2,800",7,"£4,320","£30,240","£27,440",PROFIT
946,5,May,2024,05-May-24,Garcia,Virginia,Accessories,"£7,800",5,£630,"£3,150","-£4,650",LOSS
947,27,March,2024,27-Mar-24,Johnson,Texas,Food,"£17,000",1,"£3,530","£3,530","-£13,470",LOSS
948,14,June,2023,14-Jun-23,Smith,California,Food,"£2,600",12,"£4,680","£56,160","£53,560",PROFIT
949,1,July,2023,01-Jul-23,Miller,Indiana,Snacks,"£15,800",9,"£4,220","£37,980","£22,180",PROFIT
950,13,April,2024,13-Apr-24,Jones,Texas,Snacks,"£17,500",13,£630,"£8,190","-£9,310",LOSS
951,28,June,2025,28-Jun-25,Brown,Texas,Snacks,"£18,700",7,"£2,270","£15,890","-£2,810",LOSS
952,4,January,2025,04-Jan-25,Johnson,Virginia,Clothing,"£4,300",2,£250,£500,"-£3,800",LOSS
953,2,April,2025,02-Apr-25,Jones,Texas,Food,"£16,100",6,"£1,080","£6,480","-£9,620",LOSS
954,1,August,2025,01-Aug-25,Smith,Virginia,Accessories,"£2,400",2,£290,£580,"-£1,820",LOSS
955,7,January,2023,07-Jan-23,Miller,California,Snacks,"£4,500",1,£550,£550,"-£3,950",LOSS
956,26,November,2023,26-Nov-23,Williams,Virginia,Accessories,"£18,600",14,"£4,600","£64,400","£45,800",PROFIT
957,13,February,2025,13-Feb-25,Garcia,Indiana,Accessories,"£15,200",7,"£2,020","£14,140","-£1,060",LOSS
958,31,May,2023,31-May-23,Jones,Virginia,Snacks,"£11,200",13,"£3,920","£50,960","£39,760",PROFIT
959,27,May,2023,27-May-23,Jones,Indiana,Food,"£15,100",2,£670,"£1,340","-£13,760",LOSS
960,3,July,2025,03-Jul-25,Williams,Virginia,Snacks,"£8,800",13,"£4,460","£57,980","£49,180",PROFIT
961,30,November,2024,30-Nov-24,Jones,Texas,Accessories,"£11,500",14,"£1,200","£16,800","£5,300",PROFIT
962,23,March,2023,23-Mar-23,Smith,California,Snacks,"£7,000",14,"£1,380","£19,320","£12,320",PROFIT
963,28,May,2024,28-May-24,Smith,Indiana,Accessories,"£16,200",2,"£3,460","£6,920","-£9,280",LOSS
964,25,March,2025,25-Mar-25,Williams,Virginia,Accessories,"£5,700",13,"£2,030","£26,390","£20,690",PROFIT
965,9,December,2024,09-Dec-24,Garcia,Virginia,Snacks,"£3,800",11,"£4,220","£46,420","£42,620",PROFIT
966,15,January,2025,15-Jan-25,Brown,Virginia,Clothing,"£15,400",5,"£3,490","£17,450","£2,050",PROFIT
967,19,October,2025,19-Oct-25,Johnson,Texas,Snacks,"£7,100",14,"£3,350","£46,900","£39,800",PROFIT
968,7,December,2024,07-Dec-24,Brown,Texas,Clothing,"£13,800",5,£170,£850,"-£12,950",LOSS
969,15,April,2024,15-Apr-24,Jones,Indiana,Accessories,"£3,100",7,£380,"£2,660",-£440,LOSS
970,31,January,2024,31-Jan-24,Johnson,Indiana,Accessories,"£1,400",1,"£1,210","£1,210",-£190,LOSS
971,18,September,2023,18-Sep-23,Davis,Texas,Clothing,"£7,700",8,"£4,440","£35,520","£27,820",PROFIT
972,15,March,2025,15-Mar-25,Williams,Indiana,Accessories,"£10,000",3,"£1,700","£5,100","-£4,900",LOSS
973,22,July,2025,22-Jul-25,Williams,California,Clothing,"£5,200",4,"£1,400","£5,600",£400,PROFIT
974,23,June,2025,23-Jun-25,Garcia,California,Clothing,"£7,400",9,"£1,970","£17,730","£10,330",PROFIT
975,12,December,2025,12-Dec-25,Johnson,Texas,Accessories,"£19,100",4,"£1,720","£6,880","-£12,220",LOSS
976,28,July,2025,28-Jul-25,Smith,Indiana,Food,"£10,400",10,"£2,060","£20,600","£10,200",PROFIT
977,3,May,2025,03-May-25,Johnson,Virginia,Clothing,"£6,300",12,"£4,840","£58,080","£51,780",PROFIT
978,15,August,2024,15-Aug-24,Jones,California,Snacks,£600,5,"£3,730","£18,650","£18,050",PROFIT
979,14,December,2024,14-Dec-24,Smith,Texas,Snacks,"£16,100",7,"£2,130","£14,910","-£1,190",LOSS
980,23,September,2024,23-Sep-24,Miller,Indiana,Accessories,"£6,900",4,"£2,210","£8,840","£1,940",PROFIT
981,28,February,2023,28-Feb-23,Miller,Texas,Food,"£8,700",14,"£1,180","£16,520","£7,820",PROFIT
982,8,May,2023,08-May-23,Davis,Virginia,Accessories,"£15,800",1,"£2,850","£2,850","-£12,950",LOSS
983,5,January,2025,05-Jan-25,Miller,California,Food,"£1,400",9,£820,"£7,380","£5,980",PROFIT
984,21,December,2024,21-Dec-24,Williams,Texas,Clothing,"£5,700",4,"£1,760","£7,040","£1,340",PROFIT
985,9,June,2024,09-Jun-24,Johnson,Texas,Clothing,"£8,300",9,"£2,690","£24,210","£15,910",PROFIT
986,4,June,2024,04-Jun-24,Miller,Texas,Clothing,"£6,300",6,"£2,520","£15,120","£8,820",PROFIT
987,5,July,2024,05-Jul-24,Brown,Virginia,Clothing,"£15,400",1,"£2,840","£2,840","-£12,560",LOSS
988,25,August,2023,25-Aug-23,Garcia,Texas,Snacks,"£18,300",12,"£1,110","£13,320","-£4,980",LOSS
989,8,May,2024,08-May-24,Brown,Virginia,Snacks,"£5,200",3,"£4,840","£14,520","£9,320",PROFIT
990,4,January,2023,04-Jan-23,Miller,Virginia,Accessories,"£15,300",11,"£1,820","£20,020","£4,720",PROFIT
991,27,October,2024,27-Oct-24,Davis,Virginia,Food,"£12,700",2,"£1,800","£3,600","-£9,100",LOSS
992,17,March,2024,17-Mar-24,Garcia,California,Clothing,"£2,600",9,"£1,500","£13,500","£10,900",PROFIT
993,29,January,2023,29-Jan-23,Jones,California,Clothing,"£10,400",12,"£4,060","£48,720","£38,320",PROFIT
994,1,September,2024,01-Sep-24,Brown,Texas,Food,"£10,200",1,"£1,970","£1,970","-£8,230",LOSS
995,15,March,2025,15-Mar-25,Davis,Texas,Food,"£16,200",13,"£4,500","£58,500","£42,300",PROFIT
996,16,March,2023,16-Mar-23,Johnson,California,Accessories,"£2,900",14,£950,"£13,300","£10,400",PROFIT
997,17,April,2025,17-Apr-25,Johnson,Indiana,Food,"£3,200",9,"£4,850","£43,650","£40,450",PROFIT
998,8,May,2023,08-May-23,Brown,California,Clothing,"£19,700",9,£610,"£5,490","-£14,210",LOSS
999,11,February,2023,11-Feb-23,Miller,Virginia,Clothing,"£11,700",8,"£1,200","£9,600","-£2,100",LOSS
1000,10,February,2023,10-Feb-23,Davis,California,Clothing,"£4,900",8,"£4,460","£35,680","£30,780",PROFIT
